group,source_dir,scene,has_foundation_reference,fixed69_status,height,width,crop_y0,crop_y1,crop_x0,crop_x1,feature_matches,median_vertical_residual_px,p90_vertical_residual_px,geometry_status,igev_ms,las_ms,igev_finite_pct,igev_positive_pct,igev_disp_min,igev_disp_p01,igev_disp_median,igev_disp_p99,igev_disp_max,las_finite_pct,las_positive_pct,las_disp_min,las_disp_p01,las_disp_median,las_disp_p99,las_disp_max,inter_model_mae_px,inter_model_median_px,inter_model_p95_px,inter_model_bad3_pct,inter_model_correlation,igev_epe,igev_d1,igev_bad1,igev_bad2,igev_bad3,igev_valid_pixels,igev_reference_coverage_pct,las_epe,las_d1,las_bad1,las_bad2,las_bad3,las_valid_pixels,las_reference_coverage_pct,igev_cloud_points,igev_cloud_coverage_pct,igev_cloud_z_p01,igev_cloud_z_median,igev_cloud_z_p99,las_cloud_points,las_cloud_coverage_pct,las_cloud_z_p01,las_cloud_z_median,las_cloud_z_p99,end_to_end_ms
fdjyp0,FDJYP-0-rectified_images,202506261651-0001,False,kept,1280,720,234,1052,126,638,171,1.1857638359069824,35.66162109375,warning,115.7857459038496,36.59678902477026,100.0,100.0,19.423336029052734,20.763795375823975,25.94652557373047,46.49993247985837,59.15146255493164,100.0,100.0,18.1733455657959,19.294229221343993,25.093975067138672,45.93828792572018,47.852622985839844,1.5094332406684428,0.5944757461547852,4.464901924133301,13.23994307762836,0.9111949774540915,,,,,,,,,,,,,,,281253,67.15431120110024,47.66865997314453,64.26630401611328,100.95506195068359,281253,67.15431120110024,47.4709440612793,64.78885650634766,103.08040252685544,623.4238031320274
fdjyp0,FDJYP-0-rectified_images,202506261652-0002,False,kept,1280,720,234,1052,126,638,357,0.6858994960784912,4.936919593811038,good,115.23944232612848,37.125247064977884,100.0,100.0,12.111273765563965,14.675500011444091,37.558929443359375,54.203558921813965,57.731719970703125,100.0,100.0,9.090629577636719,11.665216588974,37.46341323852539,55.75380363464355,58.10318374633789,2.7362908414931635,0.269256591796875,18.053993225097656,17.560694911369193,0.8840893530393674,,,,,,,,,,,,,,,330952,79.020858801956,40.6505093383789,56.14021301269531,77.2525998687744,330932,79.01608343520783,39.459951934814455,56.17956352233887,167.0144369506836,661.4730358123779
fdjyp0,FDJYP-0-rectified_images,202506261652-0003,False,kept,1280,720,234,1052,126,638,367,0.87939453125,6.508761787414555,good,113.02685597911477,36.23285191133618,100.0,99.99928369498777,-1.4471863508224487,12.585866975784302,36.69541549682617,53.372398376464844,120.50655364990234,100.0,100.0,9.789413452148438,10.921725749969482,36.53627014160156,52.738819122314446,56.39197540283203,3.177934307492242,0.262664794921875,19.143497467041016,16.072690632640587,0.6219467218929566,,,,,,,,,,,,,,,330274,78.85897386919315,42.00438674926758,57.508453369140625,76.87001770019532,330462,78.90386231662592,41.615716705322264,57.61869239807129,170.07903259277344,655.6940847076476
fdjyp0,FDJYP-0-rectified_images,202506261653-0004,False,kept,1280,720,234,1052,126,638,361,0.8949652910232544,5.074056148529053,good,115.40523078292608,36.52831166982651,100.0,100.0,2.179093599319458,13.558373069763183,36.6469612121582,52.29638309478759,57.99131774902344,100.0,100.0,9.191720962524414,11.513729095458984,36.62342834472656,53.35865478515623,58.16099548339844,2.681635345515629,0.24974822998046875,17.934732675552368,16.161751222493887,0.866993375207078,,,,,,,,,,,,,,,334431,79.85153384779952,42.13253402709961,57.4943733215332,77.51688079833986,334496,79.86705378973105,41.06945362091064,57.5266170501709,158.7348747253418,681.9429853931069
fdjyp0,FDJYP-0-rectified_images,202506261653-0005,False,kept,1280,720,234,1052,126,638,179,0.7587890625,12.646940231323276,good,114.744967315346,35.78209597617388,100.0,100.0,10.85216999053955,12.132518482208251,26.32216453552246,58.256250572204586,76.58203125,100.0,100.0,9.93429183959961,10.77476978302002,13.50503158569336,58.65055503845215,60.332847595214844,5.450026108175152,1.1225056648254395,33.98084115982056,19.60932724633252,0.8081532872131341,,,,,,,,,,,,,,,164662,39.31607197432763,37.659051666259764,42.67794418334961,176.1720654296875,164563,39.29243390892421,37.31756782531738,42.48360824584961,180.89754089355472,648.3382438309491
fdjyp0,FDJYP-0-rectified_images,202506261653-0006,False,kept,1280,720,234,1052,126,638,303,0.7579209804534912,3.304633140563965,good,115.60696316882968,36.74179734662175,100.0,100.0,9.466948509216309,10.555909729003906,15.88107681274414,51.74091873168945,69.29047393798828,100.0,100.0,8.677077293395996,9.52335820198059,11.501182556152344,51.42264709472656,52.96418762207031,3.6134772078364104,0.8911848068237305,18.101859092712402,22.47406975855746,0.8839106620258358,,,,,,,,,,,,,,,145223,34.67465426344744,42.35139404296875,50.92266082763672,192.27737548828125,143767,34.32700756418093,42.65297584533691,50.83784103393555,197.0905728149414,626.717371866107
fdjyp0,FDJYP-0-rectified_images,202506261654-0007,False,kept,1280,720,234,1052,126,638,253,0.5856662392616272,5.729307746887213,good,117.42232320830226,35.70649167522788,100.0,100.0,8.617443084716797,10.001081085205078,14.120296478271484,47.60424613952636,62.93218994140625,100.0,100.0,8.155069351196289,9.079681158065796,11.588584899902344,47.29162597656249,48.26593017578125,2.5912422711157164,0.7364020347595215,14.038969993591309,16.179181311124694,0.9173017259085358,,,,,,,,,,,,,,,136185,32.516666029951104,46.02350952148438,53.58072280883789,185.34115234375003,131927,31.4999904492665,46.25734939575195,53.29329299926758,197.22748443603518,621.5987601317465
fdjyp0,FDJYP-0-rectified_images,202506261655-0008,False,kept,1280,720,234,1052,126,638,195,1.9529080390930176,353.4230895996093,warning,113.65470895543694,36.52480896562338,100.0,100.0,13.151713371276855,13.965611267089844,34.657108306884766,39.38132801055907,40.73456573486328,100.0,100.0,11.972025871276855,13.326239204406738,34.89085388183594,39.85163688659667,42.765594482421875,1.1849420534624446,0.3954744338989258,4.57187294960022,9.217412897310513,0.9660455838954336,,,,,,,,,,,,,,,287108,68.55229981662592,55.79434375762939,60.23581886291504,140.1603479003906,287108,68.55229981662592,55.17125812530517,59.829668045043945,140.70653137207032,670.5406210385263
fdjyp0,FDJYP-0-rectified_images,202506261656-0009,False,kept,1280,720,234,1052,126,638,207,1.6245659589767456,199.34157409667972,warning,115.58150500059128,35.80146702006459,100.0,100.0,14.825979232788086,16.648915100097657,39.40073013305664,44.15533332824707,50.74444580078125,100.0,100.0,11.980725288391113,14.000126314163207,39.301513671875,45.34403648376465,58.48759078979492,1.2644304769901527,0.245025634765625,3.425112247467041,5.954643566625917,0.9100862830103126,,,,,,,,,,,,,,,326295,77.90891465464547,49.83789451599121,53.978309631347656,127.92526504516601,326295,77.90891465464547,48.21089302062988,53.79532241821289,124.09329193115234,690.1826066896319
fdjyp0,FDJYP-0-rectified_images,202506261656-0010,False,kept,1280,720,234,1052,126,638,158,0.9937472939491272,15.928602027893087,good,115.26706907898188,35.15584208071232,100.0,100.0,15.90700912475586,17.570034885406493,39.224525451660156,44.14059333801269,60.194190979003906,100.0,100.0,12.383635520935059,14.211784744262696,39.500465393066406,44.838105010986276,60.28211212158203,1.3511375176941198,0.24260330200195312,6.4903552532196045,10.10395973410758,0.9270721239948051,,,,,,,,,,,,,,,331737,79.20829194682152,49.56552215576172,54.23786544799805,123.90040374755861,331737,79.20829194682152,48.82546936035156,53.9787483215332,123.18565185546876,682.8769240528345
fdjyp0,FDJYP-0-rectified_images,202506261657-0011,False,kept,1280,720,234,1052,126,638,235,1.03564453125,7.967143821716308,warning,114.31550001725554,35.13503726571798,100.0,100.0,3.6578171253204346,22.595279884338378,31.518150329589844,44.269762039184435,121.58831787109375,100.0,100.0,19.727054595947266,21.627796459198,30.058860778808594,37.80470943450928,38.905067443847656,2.7907696562667756,0.5723514556884766,10.358580112457275,20.699304706601467,0.22183311865724645,,,,,,,,,,,,,,,308670,73.70062270782395,58.78638538360596,69.11527633666992,88.13734481811524,308669,73.70038393948656,58.23491012573242,70.09737396240234,97.21682495117189,633.1084799021482
fdjyp0,FDJYP-0-rectified_images,202506261657-0012,False,kept,1280,720,234,1052,126,638,237,1.1169705390930176,12.812174606323248,warning,115.3113292530179,35.25515040382743,100.0,100.0,20.921653747558594,21.958045291900635,32.696895599365234,39.94651565551758,113.76747131347656,100.0,100.0,20.011871337890625,20.88790330886841,31.498443603515625,40.04777278900146,41.633602142333984,2.1195464870985825,0.44171905517578125,12.297136783599854,19.398972341075797,0.6765901712120874,,,,,,,,,,,,,,,322590,77.02427796454768,55.281304817199704,65.80176162719727,83.72952972412108,322589,77.02403919621027,54.99232818603516,67.34919738769531,103.51125244140624,671.0126348771155
fdjyp0,FDJYP-0-rectified_images,202506261657-0013,False,kept,1280,720,234,1052,126,638,256,1.6185574531555176,9.890516757965088,warning,114.69291569665074,35.053797997534275,100.0,100.0,23.041149139404297,24.022727680206298,34.801246643066406,41.97410926818847,44.349361419677734,100.0,100.0,23.913799285888672,24.447441196441652,33.940528869628906,42.54230232238769,45.46729278564453,1.2512971896650884,0.3268890380859375,8.153596878051758,10.448741213325183,0.8661587820882842,,,,,,,,,,,,,,,328540,78.44494957212714,52.45859535217285,61.554100036621094,90.76031845092773,328540,78.44494957212714,51.62443996429443,62.35271072387695,89.87104705810546,698.4873949550092
fdjyp0,FDJYP-0-rectified_images,202506261659-0014,False,kept,1280,720,234,1052,126,638,174,0.6126708984375,14.84700498580934,good,113.00202365964651,36.321678198874,100.0,100.0,14.849074363708496,15.679918670654297,36.5799560546875,52.14988002777099,113.4556655883789,100.0,100.0,14.042274475097656,15.184720945358276,36.10388946533203,52.109351539611815,57.111385345458984,1.3346868227133504,0.3483390808105469,4.479289531707764,6.985167710880195,0.9040779530964852,,,,,,,,,,,,,,,276325,65.97766083435208,42.39885223388672,55.80075454711914,129.0139196777344,276325,65.97766083435208,41.88598114013672,55.65557098388672,132.87877380371097,648.8432320766151
fdjyp0,FDJYP-0-rectified_images,202506261700-0015,False,kept,1280,720,234,1052,126,638,181,0.8970811367034912,17.10177993774414,good,115.91544235125184,36.21338400989771,100.0,100.0,15.401744842529297,15.993328332901001,36.26807403564453,50.16342678070067,52.95527648925781,100.0,100.0,14.019721031188965,15.091263055801392,35.63815689086914,51.85385723114014,56.63899230957031,1.490807828331744,0.35037994384765625,6.340311527252197,10.150280791564793,0.9389282168684431,,,,,,,,,,,,,,,281265,67.15717642114915,43.55512893676758,56.85800552368164,133.5463330078125,281265,67.15717642114915,42.19236679077149,56.60626220703125,133.18402404785155,671.8166037462652
fdjyp0,FDJYP-0-rectified_images,202506261700-0016,False,kept,1280,720,234,1052,126,638,162,0.6994900703430176,8.37097477912903,good,114.57790900021791,35.95849312841892,100.0,100.0,15.057164192199707,16.915521812438964,39.82868194580078,53.125584220886196,119.26615905761719,100.0,100.0,13.813835144042969,15.446197509765625,39.357765197753906,51.36500930786133,55.93941116333008,1.8543534277913258,0.2828502655029297,6.680707216262817,10.009885009168704,0.7437838448167893,,,,,,,,,,,,,,,272503,65.0650882487775,42.80327423095703,50.91203689575195,126.5225289916992,272503,65.0650882487775,42.56296081542969,50.80098342895508,120.50980209350581,649.4495519436896
fdjyp0,FDJYP-0-rectified_images,202506261701-0017,False,kept,1280,720,234,1052,126,638,119,1.2552083730697632,230.6973602294922,warning,114.35178481042385,35.7701419852674,100.0,100.0,17.070819854736328,18.11293230056763,38.486488342285156,44.321696281433105,58.65970993041992,100.0,100.0,13.464374542236328,16.371552753448487,36.86255645751953,44.24958190917968,53.217498779296875,2.9547803910348955,0.22973251342773438,23.119675159454346,14.077542405256724,0.6266620518118369,,,,,,,,,,,,,,,296961,70.90488424511003,49.8734130859375,56.096736907958984,118.8982406616211,296961,70.90488424511003,49.82200164794922,56.25895690917969,127.58338165283206,709.1456903144717
fdjyp0,FDJYP-0-rectified_images,202506261701-0018,False,kept,1280,720,234,1052,126,638,139,1.45556640625,19.319433975219727,warning,115.13869697228074,35.779797937721014,100.0,100.0,15.933856964111328,17.53646364212036,37.7318000793457,48.53962402343749,51.881351470947266,100.0,100.0,12.669900894165039,14.125291013717652,36.67162322998047,48.675369453430136,53.39579772949219,2.4306292821309348,0.21585464477539062,20.806753635406494,11.242168398533007,0.6373311585976573,,,,,,,,,,,,,,,326835,78.03784955684596,45.139669265747074,57.58129119873047,125.10882492065429,326835,78.03784955684596,45.00902297973633,57.8223991394043,129.47845703124997,751.9232640042901
fdjyp0,FDJYP-0-rectified_images,202506261701-0019,False,kept,1280,720,234,1052,126,638,109,0.7169053554534912,7.149197101593018,good,115.429000928998,35.28192080557346,100.0,100.0,16.885578155517578,18.99134941101074,42.448089599609375,50.96974143981934,52.52199172973633,100.0,100.0,14.359703063964844,17.614540672302244,41.61152648925781,51.014588546752925,51.88336944580078,1.838303915491387,0.1575775146484375,17.454557418823242,9.029502215770172,0.7789212324182019,,,,,,,,,,,,,,,328609,78.46142458740832,43.214611511230466,50.67376708984375,115.65423095703125,328609,78.46142458740832,43.19426040649414,50.712364196777344,119.49738616943357,671.7561651021242
fdjyp0,FDJYP-0-rectified_images,202506261701-0020,False,kept,1280,720,234,1052,126,638,184,1.0934786796569824,22.33790149688721,warning,113.63669019192457,36.72485798597336,100.0,100.0,17.277433395385742,23.866792964935303,46.77666473388672,53.1253318786621,55.327674865722656,100.0,100.0,16.46027374267578,19.416763687133788,46.335609436035156,53.33206634521484,55.045738220214844,1.4635460117881922,0.13793373107910156,8.551012516021729,6.08429477383863,0.7486599717905098,,,,,,,,,,,,,,,360017,85.96066052872861,41.3992170715332,46.7009391784668,60.6008497619629,360017,85.96066052872861,41.20489349365234,46.71866989135742,68.43350067138697,719.9857970699668
fdjyp0,FDJYP-0-rectified_images,202506261702-0021,False,kept,1280,720,234,1052,126,638,130,1.1788194179534912,18.63298683166504,warning,113.67961019277573,36.81202605366707,100.0,100.0,19.06970977783203,20.7182279586792,54.43518829345703,63.03035049438476,122.33008575439453,100.0,100.0,19.504589080810547,20.669723987579346,54.25797653198242,63.27620258331298,64.940185546875,1.3897308647987823,0.12156295776367188,8.914482116699219,6.200097417481663,0.8495079662691318,,,,,,,,,,,,,,,388080,92.66121638141809,34.9737638092041,40.05966758728027,52.68772506713867,388080,92.66121638141809,34.85342910766602,40.14463233947754,54.36797420501717,713.8971760869026
fdjyp0,FDJYP-0-rectified_images,202506261702-0022,False,kept,1280,720,234,1052,126,638,318,0.6442328691482544,4.428268718719483,good,115.48900278285146,36.150292959064245,100.0,100.0,10.533026695251465,11.255295038223267,24.981821060180664,47.14000720977783,103.3680191040039,100.0,100.0,9.330625534057617,10.800891160964966,17.50377655029297,46.91638069152832,47.82501983642578,4.1697750072653035,0.8867278099060059,18.104305267333984,30.688894407090466,0.8333239668506404,,,,,,,,,,,,,,,186673,44.571601849022,46.67384994506836,72.01496887207031,175.74202514648437,186484,44.52647463325184,46.7925647354126,75.22468948364258,194.87490997314453,619.8400962166488
fdjyp0,FDJYP-0-rectified_images,202506261702-0023,False,kept,1280,720,234,1052,126,638,326,0.576904296875,2.7184109687805176,good,114.36394369229674,35.646791104227304,100.0,100.0,11.236335754394531,12.4308687210083,30.39569091796875,53.46773338317871,94.65151977539062,100.0,100.0,7.605754375457764,11.864977598190308,24.76111602783203,53.32914295196533,54.59406280517578,4.7163156466729355,1.030400276184082,22.307948112487793,33.83944261919316,0.8400723916573294,,,,,,,,,,,,,,,198874,47.48481433374083,41.10128753662109,54.72107124328613,164.687253723144,198653,47.4320465311736,41.23723022460938,56.161006927490234,176.2721337890625,672.2023878246546
fdjyp0,FDJYP-0-rectified_images,202506261703-0024,False,kept,1280,720,234,1052,126,638,360,0.6259901523590088,3.0957710266113283,good,115.68849766626954,36.15509532392025,100.0,100.0,26.172454833984375,29.409987449645996,63.3427848815918,82.15332107543945,96.3077621459961,100.0,100.0,10.893294334411621,15.021503162384032,56.60346984863281,81.84228782653808,83.94925689697266,7.045315037326646,0.8684120178222656,43.214412689208984,34.50011460880196,0.7797036406109187,,,,,,,,,,,,,,,185029,44.179066702322736,26.849799118041993,31.733457565307617,72.84327301025391,185029,44.179066702322736,26.73870216369629,31.85367774963379,74.26259002685548,637.3985018581152
fdjyp0,FDJYP-0-rectified_images,202506261703-0025,False,kept,1280,720,234,1052,126,638,349,0.5527886152267456,3.1417209148406955,good,116.21659714728594,35.44540097936988,100.0,100.0,28.401771545410156,29.633485794067383,81.76722717285156,105.81175956726074,114.46176147460938,100.0,100.0,14.862312316894531,18.852821826934814,80.35693359375,104.21877479553223,106.59791564941406,4.767344112788079,0.8648147583007812,18.156784057617188,34.17276321821516,0.941834062561834,,,,,,,,,,,,,,,211651,50.53555738080685,21.0064115524292,25.06248664855957,64.97492218017578,211651,50.53555738080685,21.03455352783203,25.118711471557617,65.2968635559082,634.6491682343185
fdjyp0,FDJYP-0-rectified_images,202506261703-0026,False,kept,1280,720,234,1052,126,638,220,0.8273111581802368,6.074704217910763,good,113.5778296738863,36.25888377428055,100.0,100.0,2.235288619995117,12.72411847114563,32.300743103027344,107.5638118743896,122.17195129394531,100.0,100.0,11.245970726013184,11.900338792800904,16.726181030273438,93.94843482971191,97.46009826660156,7.185198279253086,0.7572851181030273,42.36298847198486,23.476419238997558,0.8353643840363063,,,,,,,,,,,,,,,151965,36.28443039425428,23.527782211303713,26.490562438964844,70.82671569824218,151965,36.28443039425428,23.411891098022462,26.521812438964844,73.78965759277315,624.2506699636579
fdjyp0,FDJYP-0-rectified_images,202506261703-0027,False,kept,1280,720,234,1052,126,638,101,1.7472602128982544,107.34722137451172,warning,115.81761203706264,35.891161765903234,100.0,100.0,12.411981582641602,13.614681911468505,18.873077392578125,122.08875846862792,130.2423095703125,100.0,100.0,11.064478874206543,12.044482326507568,14.761127471923828,104.81110458374023,109.37484741210938,4.904502135920077,1.441960334777832,13.278784275054932,26.66349900672372,0.8986703947322904,,,,,,,,,,,,,,,156181,37.29107770476773,21.091905212402345,24.3338680267334,148.3822204589844,156181,37.29107770476773,20.755908584594728,24.258773803710938,156.38870544433593,627.5767511688173
fdjyp0,FDJYP-0-rectified_images,202506261704-0028,False,kept,1280,720,234,1052,126,638,161,0.7454426884651184,3.4250760078430176,good,114.28898107260466,36.117085721343756,100.0,100.0,10.549983024597168,15.803314447402954,112.12744140625,126.93155517578126,133.9975128173828,100.0,100.0,10.634588241577148,12.283152008056641,15.989055633544922,118.36725616455075,121.841552734375,50.15148699113502,27.44687557220459,108.52125453948975,71.66201864303179,0.2881092706566964,,,,,,,,,,,,,,,87984,21.007793398533007,18.39110569000244,19.373610496520996,62.854804878234866,87984,21.007793398533007,18.43557670593262,19.60682201385498,63.006183547973635,570.4005579464138
fdjyp0,FDJYP-0-rectified_images,202506261708-0029,False,kept,1280,720,234,1052,126,638,86,0.9627143144607544,27.2568359375,good,116.34917184710503,36.91972093656659,100.0,100.0,19.862049102783203,22.19223794937134,37.0670051574707,45.309452819824216,114.86654663085938,100.0,100.0,19.532365798950195,20.970682621002197,36.912078857421875,43.74632625579834,44.96211624145508,1.2967298431208125,0.21433639526367188,4.540191650390625,11.204204232885086,0.8932431806581584,,,,,,,,,,,,,,,324596,77.50324724938875,50.249480628967284,57.98830795288086,98.93657569885254,324596,77.50324724938875,50.287414932250975,57.74064636230469,101.14802284240722,706.5051067620516
fdjyp0,FDJYP-0-rectified_images,202506261709-0030,False,kept,1280,720,234,1052,126,638,87,2.310791015625,54.50000152587902,warning,114.4565106369555,36.580825224518776,100.0,100.0,19.824935913085938,21.534397506713866,37.8106803894043,117.69494056701652,125.46977996826172,100.0,100.0,19.09378433227539,21.661687088012695,37.36312484741211,44.53955917358398,45.443572998046875,2.60362626183186,0.2176971435546875,4.702825546264648,7.552720048899755,0.40625605106657736,,,,,,,,,,,,,,,308092,73.56261460880195,49.29566902160644,56.476205825805664,98.95962280273439,308092,73.56261460880195,49.38973274230957,56.540618896484375,99.2310540008545,662.2816352173686
fdjyp0,FDJYP-0-rectified_images,202506261709-0031,False,kept,1280,720,234,1052,126,638,141,1.5281033515930176,11.296875,warning,112.99633095040917,36.393139977008104,100.0,100.0,22.94170379638672,23.191415309906006,38.417476654052734,46.77097854614258,49.38859939575195,100.0,100.0,19.890321731567383,21.452605724334717,38.53041076660156,46.582890319824216,48.91075897216797,0.6840910399628662,0.16432571411132812,3.3389010429382324,5.631828774449878,0.9665769538101459,,,,,,,,,,,,,,,387922,92.62349098410758,47.092284507751465,57.07698631286621,95.17014595031738,387923,92.62372975244499,47.31248321533203,56.93282699584961,99.1042866516113,720.218189060688
fdjyp0,FDJYP-0-rectified_images,202506261709-0032,False,kept,1280,720,234,1052,126,638,135,0.8602973222732544,9.629318809509279,good,115.1341493241489,35.73863999918103,100.0,100.0,17.5257625579834,19.65857696533203,33.71979522705078,40.71569843292236,43.27426528930664,100.0,100.0,16.320974349975586,19.11605577468872,33.518157958984375,40.33357734680175,41.50702667236328,1.2490288959337914,0.19196701049804688,7.4004926681518555,10.512492359413203,0.8843949354839943,,,,,,,,,,,,,,,333419,79.6099002903423,54.413855743408206,64.31867980957031,111.36412887573242,333419,79.6099002903423,54.56785713195801,64.19456481933594,107.73066864013673,796.8277097679675
fdjyp0,FDJYP-0-rectified_images,202506261709-0033,False,kept,1280,720,234,1052,126,638,95,0.9316677451133728,5.780533885955811,good,115.63180480152369,36.02109011262655,100.0,100.0,13.507063865661621,18.606739902496336,30.031814575195312,54.27723770141542,121.75314331054688,100.0,100.0,15.147512435913086,17.27022075653076,29.14803695678711,35.89024429321289,36.975337982177734,1.8501069210879595,0.2791576385498047,7.819968223571777,10.00773609413203,0.52598342924636,,,,,,,,,,,,,,,289705,69.1723811888753,61.17879943847656,71.28288269042969,115.32747100830079,289704,69.1721424205379,61.16380096435547,71.41192245483398,115.93669479370116,666.8968792073429
fdjyp0,FDJYP-0-rectified_images,202506261710-0034,False,kept,1280,720,234,1052,126,638,89,0.9216579794883728,11.013476181030281,good,115.06348010152578,34.92784919217229,100.0,100.0,15.839933395385742,18.391915225982665,29.873783111572266,75.17389259338364,116.86149597167969,100.0,100.0,16.368911743164062,17.918817615509035,28.049850463867188,34.9966854095459,35.83782958984375,2.8656658214268735,0.27795982360839844,12.176687717437744,18.1296798594132,0.3604848573383968,,,,,,,,,,,,,,,267518,63.874828086797066,62.67978309631348,72.05233764648438,112.88940048217773,267517,63.87458931845966,62.67557006835938,71.82219696044922,118.88026000976565,654.4902520254254
fdjyp0,FDJYP-0-rectified_images,202506261714-0035,False,kept,1280,720,234,1052,126,638,261,1.1754556894302368,5.17469596862793,warning,115.9729310311377,36.84064419940114,100.0,100.0,17.935747146606445,19.15663070678711,29.41088104248047,39.220103645324706,41.03752899169922,100.0,100.0,13.467107772827148,18.58716812133789,28.880252838134766,39.130466270446775,41.023155212402344,0.7410158425305394,0.31649208068847656,2.7773313522338867,4.53468826405868,0.9186829385319468,,,,,,,,,,,,,,,365355,87.23520591381418,56.15170585632324,74.01936340332031,109.20013748168945,365355,87.23520591381418,56.26779235839844,74.97384643554688,110.08568344116213,711.1751041375101
fdjyp0,FDJYP-0-rectified_images,202506261715-0036,False,kept,1280,720,234,1052,126,638,240,0.9093695878982544,4.690402507781982,good,115.83811230957508,36.047629080712795,100.0,100.0,25.61007308959961,27.7963604927063,42.64665222167969,61.20350780487059,63.22620391845703,100.0,100.0,26.072433471679688,28.515673542022704,42.376495361328125,60.664807510375965,63.391056060791016,0.5338013335415743,0.1798095703125,1.5619487762451172,2.964547677261614,0.9628585824133837,,,,,,,,,,,,,,,379033,90.50107923288509,36.21095245361328,50.832210540771484,78.57098205566406,379032,90.50084046454768,36.30867309570313,51.05522155761719,77.1367626953125,729.4737258926034
fdjyp0,FDJYP-0-rectified_images,202506261715-0037,False,kept,1280,720,234,1052,126,638,278,0.9736464023590088,11.827202701568606,good,115.56607484817505,36.3857876509428,100.0,100.0,24.14261245727539,28.3800669670105,39.69346237182617,55.57298717498779,113.39614868164062,100.0,100.0,23.390811920166016,27.713785266876222,39.35436248779297,55.46214580535888,57.58023452758789,0.711579358259849,0.1744384765625,2.808018207550049,4.894750916870415,0.9281982368687628,,,,,,,,,,,,,,,376679,89.93901856662592,39.7144654083252,54.85457229614258,77.58594085693359,376678,89.93877979828851,39.68679359436035,55.21292304992676,79.55941184997559,690.1642330922186
fdjyp0,FDJYP-0-rectified_images,202506261715-0038,False,kept,1280,720,234,1052,126,638,286,1.0214301347732544,17.2392578125,warning,113.00285207107663,36.22383112087846,100.0,100.0,22.730669021606445,23.247203540802,35.24473571777344,49.020224761962886,108.4996337890625,100.0,100.0,21.90629005432129,23.131309032440186,35.07078552246094,48.365994644165035,50.56427764892578,0.7770404455577613,0.23045730590820312,2.1762256622314453,3.2680222341075793,0.8310702671031844,,,,,,,,,,,,,,,396188,94.5971500611247,45.37397850036621,62.423648834228516,94.79912948608398,396188,94.5971500611247,45.60927566528321,62.5412712097168,95.53324287414553,724.7286168858409
fdjyp0,FDJYP-0-rectified_images,202506261716-0039,False,kept,1280,720,234,1052,126,638,255,1.0669487714767456,7.593977832794186,warning,114.92556938901544,37.02810686081648,100.0,100.0,21.674503326416016,21.823251819610597,32.802085876464844,44.18466224670409,46.85285186767578,100.0,100.0,20.808856964111328,21.679843044281007,32.54227828979492,44.08017272949218,46.30267333984375,0.6974492037901086,0.23649120330810547,3.1196813583374023,5.54658847799511,0.9478879786197558,,,,,,,,,,,,,,,390588,93.26004737163814,49.946041946411135,66.92738342285156,101.05800758361816,390590,93.26052490831296,50.031700706481935,67.28355026245117,101.61784362792969,712.1952031739056
fdjyp0,FDJYP-0-rectified_images,202506261717-0040,False,kept,1280,720,234,1052,126,638,135,1.5088975429534912,11.647287368774425,warning,116.32372019812465,35.69282125681639,100.0,100.0,22.739431381225586,23.08069133758545,35.8270149230957,45.72906436920165,87.43648529052734,100.0,100.0,3.7011358737945557,21.22697534561157,31.93284797668457,41.34182357788085,42.36137771606445,2.1144100509681865,0.3379669189453125,16.27648115158081,16.68513141809291,0.7824091803837225,,,,,,,,,,,,,,,358526,85.6046569376528,53.08159351348877,60.82175254821777,95.6527042388916,358527,85.60489570599023,53.30944923400879,61.7412223815918,102.90207168579101,705.2078624255955
fdjyp0,FDJYP-0-rectified_images,202506261718-0041,False,kept,1280,720,234,1052,126,638,95,1.1354708671569824,2.315706396102906,warning,115.89743103832006,36.19677014648914,100.0,100.0,21.174617767333984,23.96489896774292,43.61521911621094,52.8682897567749,102.79473876953125,100.0,100.0,19.38070297241211,21.62589063644409,42.2998046875,52.58846130371093,54.1550178527832,2.84001097052579,0.34822845458984375,13.378848552703857,25.33785719743276,0.9187529737833164,,,,,,,,,,,,,,,264306,63.10790418704156,41.67970008850098,44.58091354370117,86.0336196899414,264306,63.10790418704156,41.83105907440186,44.49305725097656,89.03043327331545,610.3054350242019
fdjyp0,FDJYP-0-rectified_images,202506261718-0042,False,kept,1280,720,234,1052,126,638,196,2.038031578063965,10.430636882781982,warning,115.48047978430986,35.18904000520706,100.0,100.0,26.448564529418945,26.803883743286132,43.801734924316406,52.95942554473877,53.45885467529297,100.0,100.0,18.784175872802734,21.440134811401368,43.755775451660156,52.77394409179687,53.63468551635742,1.1271987053540633,0.223907470703125,6.612051963806152,8.124331448655257,0.9419589483546027,,,,,,,,,,,,,,,380544,90.86185819070904,41.64595546722412,49.74220275878906,82.34950569152832,380545,90.86209695904645,41.78561706542969,49.74846267700195,100.14488800048827,712.5582857988775
fdjyp0,FDJYP-0-rectified_images,202506261718-0043,False,kept,1280,720,234,1052,126,638,156,1.0575087070465088,5.461208820343018,warning,116.38242704793811,36.30400728434324,100.0,100.0,28.944644927978516,29.925064659118654,53.84749221801758,68.17561721801758,68.89383697509766,100.0,100.0,20.294109344482422,29.21474332809448,53.827659606933594,68.36788940429688,70.25798797607422,0.4087511477878085,0.17707443237304688,1.347513198852539,1.7788241136919316,0.9931910185722272,,,,,,,,,,,,,,,370835,88.54365640281173,32.34020080566406,40.11747360229492,73.16052917480468,370835,88.54365640281173,32.258414077758786,40.09199905395508,72.11922409057617,733.6546760052443
fdjyp0,FDJYP-0-rectified_images,202506261719-0044,False,kept,1280,720,234,1052,126,638,74,0.8524577021598816,16.30386581420902,good,116.61638878285885,36.14519676193595,100.0,100.0,9.115076065063477,21.190962982177734,33.54344940185547,46.62140331268311,46.858154296875,100.0,100.0,19.34122085571289,21.006978511810303,26.120044708251953,46.72330951690674,47.6443977355957,2.3100372581562816,0.6756696701049805,13.23860788345337,23.59031173594132,0.9160379809141347,,,,,,,,,,,,,,,287279,68.59312920232273,47.272577056884764,52.146732330322266,98.29049087524413,287279,68.59312920232273,47.15636207580567,52.98750305175781,98.83436431884763,691.0229995846748
fdjyp0,FDJYP-0-rectified_images,202506261719-0045,False,kept,1280,720,234,1052,126,638,132,1.1654731035232544,12.514971160888694,warning,114.42516790702939,34.82769196853042,100.0,100.0,21.55154800415039,22.906629276275634,40.20518112182617,47.718794631958005,125.95880889892578,100.0,100.0,20.537403106689453,21.699105644226073,39.598716735839844,47.62448005676269,48.708648681640625,1.4809046161422519,0.2942657470703125,5.668424129486084,13.273131876528119,0.9025981014708087,,,,,,,,,,,,,,,317322,75.76644636308069,46.17306919097901,53.04756164550781,85.44982986450194,317322,75.76644636308069,46.22547561645508,53.25567626953125,93.78617622375488,674.1024050861597
fdjyp0,FDJYP-0-rectified_images,202506261720-0046,False,kept,1280,720,234,1052,126,638,350,0.9639486074447632,2.8355007648468034,good,114.18016068637371,35.780337173491716,100.0,100.0,7.796662330627441,11.651920986175536,24.722137451171875,105.54439697265622,124.05921173095703,100.0,100.0,9.062117576599121,10.891328525543212,16.719467163085938,52.95930805206299,54.04878616333008,4.989724748969433,0.907376766204834,27.257779598236084,27.00016236246944,0.6712919745419818,,,,,,,,,,,,,,,171277,40.895524526283616,41.21338989257813,46.31740188598633,188.1728045654297,171242,40.887167634474324,41.480829086303714,46.74753952026367,187.4800619506836,655.6932460516691
fdjyp0,FDJYP-0-rectified_images,202506261720-0047,False,kept,1280,720,234,1052,126,638,359,0.4412434995174408,1.6389431953430167,good,115.3824757784605,35.17747716978192,100.0,100.0,12.38786506652832,13.835246801376343,45.341636657714844,120.74236869812012,124.58040618896484,100.0,100.0,8.970001220703125,11.790950441360474,38.565025329589844,83.49471435546874,86.76943969726562,6.667620262333754,0.7273726463317871,30.183973789215088,24.249073578850854,0.7420349477653108,,,,,,,,,,,,,,,176618,42.170786216381416,25.86745002746582,30.452070236206055,142.16953643798826,176618,42.170786216381416,26.03675979614258,30.487454414367676,152.03818389892578,663.2170546799898
fdjyp0,FDJYP-0-rectified_images,202506261720-0048,False,kept,1280,720,234,1052,126,638,365,0.4537760317325592,1.7238172769546514,good,115.36810221150517,35.875098779797554,100.0,100.0,13.943822860717773,14.43082880973816,46.33617401123047,118.50366020202637,121.9671630859375,100.0,100.0,9.265172004699707,11.23861060142517,39.3704948425293,89.78458557128906,92.82898712158203,6.5290328882324955,0.7090587615966797,26.014503955841064,24.370606662591687,0.7756971678705229,,,,,,,,,,,,,,,182331,43.534869727995115,24.137504959106444,28.390625,144.811851501465,182331,43.534869727995115,24.26907615661621,28.395496368408203,151.86665649414064,650.177433155477
fdjyp0,FDJYP-0-rectified_images,202506261720-0049,False,kept,1280,720,234,1052,126,638,289,0.5679253339767456,4.356749248504636,good,115.07333302870393,35.21350119262934,100.0,100.0,11.026498794555664,13.097035837173461,31.85057258605957,86.65708770751954,120.74040985107422,100.0,100.0,9.190282821655273,12.827029705047607,19.93800926208496,85.084566116333,86.9940185546875,7.662991084757291,0.9412870407104492,34.6265983581543,39.477718138753055,0.8620505434830023,,,,,,,,,,,,,,,185231,44.227297906479215,25.578711700439452,29.24622344970703,164.43386535644535,185231,44.227297906479215,25.610439491271972,29.324100494384766,160.09835510253907,644.5721141062677
fdjyp0,FDJYP-0-rectified_images,202506261720-0050,False,kept,1280,720,234,1052,126,638,336,0.8806830644607544,3.8103976249694824,good,113.73893171548843,37.321667186915874,100.0,100.0,11.712255477905273,12.434715843200683,29.915878295898438,73.61454238891599,77.1375732421875,100.0,100.0,5.929867744445801,9.650490856170654,20.624088287353516,71.61308898925782,72.51472473144531,7.340433966041677,0.9286980628967285,54.982993841171265,31.585230745721272,0.777297045550374,,,,,,,,,,,,,,,180971,43.2101447891198,30.54230670928955,34.43817901611328,171.9521530151367,180971,43.2101447891198,30.66348476409912,34.53702926635742,172.90761566162104,642.477931920439
fdjyp0,FDJYP-0-rectified_images,202506261721-0051,False,kept,1280,720,234,1052,126,638,391,0.5898979902267456,3.108832359313965,good,113.3687300607562,36.106360610574484,100.0,100.0,8.910886764526367,12.386377096176147,28.073486328125,102.64352149963374,127.06329345703125,100.0,100.0,8.973082542419434,11.40543704032898,18.317800521850586,60.55782070159912,61.47307205200195,6.640253377080984,1.0237102508544922,28.405046224594116,32.57826826100245,0.6994643366504406,,,,,,,,,,,,,,,172432,41.17130195599022,36.16641613006592,40.23274040222168,173.0670056152344,172432,41.17130195599022,36.293808174133304,40.30649757385254,177.74542709350587,636.6084357723594
fdjyp0,FDJYP-0-rectified_images,202506261721-0052,False,kept,1280,720,234,1052,126,638,329,0.6386447548866272,2.4142577648162837,good,115.24405097588897,36.10038198530674,100.0,100.0,11.33780288696289,12.249326181411742,25.058311462402344,55.832583808898924,120.4366455078125,100.0,100.0,10.236083984375,11.611373233795167,16.534889221191406,55.731953620910645,56.805389404296875,4.051270068857664,1.0090885162353516,19.756064414978027,27.28525175733496,0.8610632626293107,,,,,,,,,,,,,,,166085,39.655839318459655,39.45767486572266,44.14662170410156,178.43558776855468,166085,39.655839318459655,39.4486083984375,44.374752044677734,184.4455731201172,634.1041224077344
fdjyp0,FDJYP-0-rectified_images,202506261721-0053,False,kept,1280,720,234,1052,126,638,371,0.4472113847732544,1.4296332597732544,good,115.32445391640067,36.444151774048805,100.0,99.99665724327629,-3.1007871627807617,12.650464963912963,39.066253662109375,73.84766540527343,121.07647705078125,100.0,100.0,10.784523010253906,11.710716009140015,28.337080001831055,72.17979698181152,73.18174743652344,8.281910639522657,0.8206939697265625,42.75571537017822,35.12162859107579,0.7383690549478741,,,,,,,,,,,,,,,185639,44.32471538814181,30.25552463531494,34.54541778564453,158.10603302001954,185639,44.32471538814181,30.46237720489502,34.674861907958984,166.1615081787109,628.3567859791219
fdjyp0,FDJYP-0-rectified_images,202506261722-0054,False,kept,1280,720,234,1052,126,638,158,1.3383246660232544,16.08260641098024,warning,115.69917527958751,36.75963543355465,100.0,100.0,24.549091339111328,25.013045692443846,34.56736755371094,39.20950012207031,74.71339416503906,100.0,100.0,20.837926864624023,21.519798374176027,34.32035827636719,39.15749950408936,41.00142288208008,1.7958387906474123,0.35076141357421875,10.825736999511719,17.899507182151588,0.8110348509483657,,,,,,,,,,,,,,,343003,81.89825603606357,56.26936134338379,62.368125915527344,86.74667510986328,343003,81.89825603606357,56.31114593505859,61.93623352050781,94.77818374633789,1647.3060171119869
fdjyp0,FDJYP-0-rectified_images,202506261722-0055,False,kept,1280,720,234,1052,126,638,127,2.037217855453491,11.719834899902349,warning,114.29955484345555,36.04874620214105,100.0,100.0,19.344348907470703,22.83514585494995,34.04772186279297,39.36370067596435,121.62791442871094,100.0,100.0,22.167499542236328,22.95672664642334,33.584007263183594,39.22302665710449,40.74869918823242,1.6183653014659662,0.31945037841796875,7.297865867614746,13.474174816625917,0.6050576043147975,,,,,,,,,,,,,,,319154,76.20386995721272,56.54717956542969,61.365509033203125,87.14576316833497,319154,76.20386995721272,56.11597316741943,61.224849700927734,93.39490653991697,981.1291843652725
fdjyp0,FDJYP-0-rectified_images,202506261722-0056,False,kept,1280,720,234,1052,126,638,178,2.168321371078491,14.092295742034924,warning,114.70215488225222,36.97996027767658,100.0,100.0,26.366863250732422,27.196930980682374,38.800453186035156,44.56965293884277,55.53388977050781,100.0,100.0,20.861074447631836,23.874123096466064,38.79633712768555,44.58948459625244,44.93305969238281,1.2852692829085226,0.23200607299804688,8.955850601196289,11.50791755806846,0.858596831043946,,,,,,,,,,,,,,,384843,91.88832327322739,49.506176986694335,56.39524459838867,80.77784637451173,384843,91.88832327322739,49.481880569458006,56.174434661865234,82.99603805541993,774.8359991237521
fdjyp0,FDJYP-0-rectified_images,202506261723-0057,False,kept,1280,720,234,1052,126,638,65,1.3079427480697632,4.0317274093627935,warning,115.01826299354434,36.99585795402527,100.0,100.0,23.17058753967285,24.394478607177735,41.568023681640625,115.5680541992187,122.31008911132812,100.0,100.0,24.271408081054688,25.02685546875,39.698524475097656,47.98788013458252,48.30056381225586,5.103250787449968,0.5577487945556641,17.55913209915161,30.685551650366747,0.3844230828063306,,,,,,,,,,,,,,,259797,62.03129775366748,46.24334243774414,49.59834289550781,67.3140203857422,259797,62.03129775366748,45.939005584716796,49.433128356933594,82.12826873779298,692.5536710768938
fdjyp0,FDJYP-0-rectified_images,202506261723-0058,False,kept,1280,720,234,1052,126,638,63,0.5379231572151184,172.95065612792973,good,114.3652438186109,35.81509739160538,100.0,100.0,24.76202392578125,26.11276845932007,43.273963928222656,48.298745727539064,124.4931411743164,100.0,100.0,25.659591674804688,26.561348342895506,42.77547073364258,48.258887672424315,48.57308578491211,2.239864476330232,0.24033355712890625,9.790364265441895,18.940298364914426,0.6138229244794935,,,,,,,,,,,,,,,294116,70.22558832518338,45.73252220153809,48.295270919799805,64.12924423217771,294116,70.22558832518338,45.706634521484375,48.24553298950195,76.34456825256343,723.128130659461
fdjyp0,FDJYP-0-rectified_images,202506261724-0059,False,kept,1280,720,234,1052,126,638,168,0.4795871376991272,3.358203148841866,good,116.08952702954412,37.31487039476633,100.0,100.0,17.548721313476562,18.74098844528198,45.310585021972656,56.07185249328613,119.51483917236328,100.0,100.0,1.4822137355804443,15.705272960662843,45.25856018066406,56.097140312194824,56.80449676513672,2.417569154261527,0.1655712127685547,15.2649564743042,17.34771355440098,0.8972063968243094,,,,,,,,,,,,,,,308068,73.55688416870416,39.329354743957516,45.7664909362793,62.70444805145264,307832,73.50053484107579,39.25837718963623,45.785919189453125,63.875277824401856,675.8591788820922
fdjyp0,FDJYP-0-rectified_images,202506261724-0060,False,kept,1280,720,234,1052,126,638,170,0.8023545742034912,5.55240864753723,good,115.0590549223125,35.94924509525299,100.0,100.0,20.88068199157715,30.79532480239868,42.78631591796875,59.77213191986084,63.82941436767578,100.0,100.0,12.084609985351562,15.647797966003418,42.845035552978516,61.623842048645,68.01724243164062,1.3121272358487754,0.1702728271484375,12.261131763458252,8.14510429400978,0.9105156420089211,,,,,,,,,,,,,,,371862,88.78887148533008,36.8188032913208,50.89032554626465,66.39512527465821,371862,88.78887148533008,35.63731781005859,50.78852081298828,66.48711769104005,831.7356682382524
fdjyp0,FDJYP-0-rectified_images,202506261724-0061,False,kept,1280,720,234,1052,126,638,176,0.4407280683517456,5.792317867279053,good,115.25858938694,36.17182979360223,100.0,100.0,17.427337646484375,27.659973621368408,46.6895637512207,56.01327095031737,57.01455307006836,100.0,100.0,14.107540130615234,15.291631174087524,46.564796447753906,56.163764190673824,58.18962478637695,2.4735379202910734,0.14084625244140625,16.147563457489014,12.458454309290953,0.7638454236274286,,,,,,,,,,,,,,,349689,83.49466113997555,39.339140014648436,46.07987594604492,62.54645690917968,349689,83.49466113997555,39.25698867797851,46.01642990112305,63.43587646484373,685.4526558890939
fdjyp0,FDJYP-0-rectified_images,202506261725-0062,False,kept,1280,720,234,1052,126,638,228,0.7067463994026184,31.932763671875005,good,115.43646082282066,36.10520577058196,100.0,100.0,15.65758991241455,16.27488899230957,35.625728607177734,55.66417255401611,56.18269348144531,100.0,100.0,12.05902099609375,14.588502407073975,35.52882385253906,55.83533248901367,56.40353012084961,1.8065182189718982,0.35350799560546875,11.655691146850586,11.11299472799511,0.9471217141492992,,,,,,,,,,,,,,,279893,66.82958626222494,39.545970306396484,45.404300689697266,135.48677185058594,279893,66.82958626222494,39.45181915283203,45.118038177490234,143.51817199707034,673.6131878569722
fdjyp0,FDJYP-0-rectified_images,202506261725-0063,False,kept,1280,720,234,1052,126,638,190,0.9615342617034912,12.312234306335442,good,115.90829119086266,37.057026755064726,100.0,100.0,13.070751190185547,14.298163318634034,30.946372985839844,55.01069087982178,55.64388656616211,100.0,100.0,12.801864624023438,13.40826325416565,30.25872802734375,55.144481086730956,56.222232818603516,1.608074251817389,0.4538097381591797,9.128403663635254,11.41288775977995,0.9761708646317904,,,,,,,,,,,,,,,230652,55.07239455990221,39.935653915405275,45.71175765991211,141.9039984130859,230652,55.07239455990221,39.849559936523434,45.61591911315918,145.1680030822754,632.5425021350384
fdjyp0,FDJYP-0-rectified_images,202506261725-0064,False,kept,1280,720,234,1052,126,638,266,0.6361355781555176,5.501302242279053,good,115.86531111970544,36.519004963338375,100.0,100.0,18.658267974853516,19.761660766601562,56.340614318847656,70.18418197631836,72.35404968261719,100.0,100.0,15.109821319580078,17.49242706298828,56.27924346923828,70.30800018310546,72.71733093261719,1.2960327545062509,0.22620773315429688,4.4242167472839355,7.419726084963325,0.9539541757656189,,,,,,,,,,,,,,,324010,77.36332900366747,31.30767681121826,37.54940223693848,71.31716041564941,324010,77.36332900366747,31.234550457000733,37.510948181152344,73.63197166442798,916.5766169317067
fdjyp0,FDJYP-0-rectified_images,202506261725-0065,False,kept,1280,720,234,1052,126,638,258,0.7921413779258728,6.215584278106704,good,115.1016722433269,35.9636596404016,100.0,100.0,18.252002716064453,18.63591613769531,38.133689880371094,63.955323219299316,64.55593872070312,100.0,100.0,14.306473731994629,18.1382098197937,38.796974182128906,64.00668754577637,64.79518127441406,1.2155566456566012,0.325775146484375,5.042773246765137,9.145066091075794,0.9778114267612009,,,,,,,,,,,,,,,279631,66.76702895782395,34.43055953979492,38.70999526977539,118.01782684326174,279630,66.76679018948656,34.37428123474121,38.625410079956055,120.32378456115724,830.8110991492867
fdjyp0,FDJYP-0-rectified_images,202506261726-0066,False,kept,1280,720,234,1052,126,638,221,0.6719834804534912,7.108832359313965,good,115.86822103708982,36.89033864066005,100.0,100.0,19.65167236328125,20.99336576461792,59.312904357910156,74.8581001281738,76.89714813232422,100.0,100.0,16.020034790039062,20.742036628723145,59.34425354003906,74.73319129943847,79.72929382324219,1.1240560746362347,0.227813720703125,4.475551605224609,6.583081830684597,0.9705045646599173,,,,,,,,,,,,,,,319240,76.22440403422983,29.429993267059327,36.144025802612305,68.75110443115234,319240,76.22440403422983,29.438693599700926,36.196170806884766,68.95512916564941,892.1657940372825
fdjyp0,FDJYP-0-rectified_images,202506261726-0067,False,kept,1280,720,234,1052,126,638,237,0.5236545205116272,2.7236545562744157,good,114.12850068882108,35.62140930444002,100.0,100.0,31.222270965576172,32.36156005859375,88.89179229736328,113.99835624694823,116.01551818847656,100.0,100.0,31.323898315429688,33.47245349884033,88.69981384277344,112.50640716552734,115.78532409667969,0.9553041429894186,0.22101211547851562,2.5528440475463867,4.150032472493888,0.9847636480546405,,,,,,,,,,,,,,,339656,81.09909841075795,19.29675989151001,24.41172218322754,54.9376615524292,339657,81.09933717909536,19.56174201965332,24.425498962402344,55.2530209350586,816.508905030787
fdjyp0,FDJYP-0-rectified_images,202506261726-0068,False,kept,1280,720,234,1052,126,638,320,0.4183485209941864,3.4348252773284926,good,115.64133688807487,36.32523491978645,100.0,100.0,17.673803329467773,20.643021011352538,88.12509155273438,110.93619804382324,120.34596252441406,100.0,100.0,17.660053253173828,18.508402252197264,86.73973083496094,109.83496589660643,111.72969818115234,3.22805558415107,0.302764892578125,13.867304801940918,13.015739608801958,0.9382500700468416,,,,,,,,,,,,,,,247144,59.0101619804401,19.983073673248292,23.024279594421387,48.302107620239255,247144,59.0101619804401,19.98814453125,23.021989822387695,48.34839057922364,1239.4054541364312
fdjyp0,FDJYP-0-rectified_images,202506261726-0069,False,kept,1280,720,234,1052,126,638,242,0.793701171875,39.425543975830095,good,114.81139296665788,35.277241840958595,100.0,100.0,18.647287368774414,19.09820947647095,39.683799743652344,70.31983489990235,71.23712158203125,100.0,100.0,7.1992692947387695,18.105304527282716,39.736175537109375,70.2990104675293,71.39131927490234,2.0766784811192043,0.37779998779296875,10.106733798980713,15.369995415647923,0.9648318885181218,,,,,,,,,,,,,,,269771,64.412773150978,31.2940580368042,35.75148010253906,113.20311431884765,269755,64.40895285757946,31.286649208068848,35.76948928833008,117.43843780517584,720.3235379420221
fdjyp0,FDJYP-0-rectified_images,202506261727-0070,False,kept,1280,720,234,1052,126,638,196,0.7995198965072632,73.68404006958008,good,114.54324517399073,37.115823943167925,100.0,100.0,5.743253231048584,14.054592037200928,31.53594207763672,54.28578548431395,55.88945770263672,100.0,100.0,12.58682632446289,14.331212568283082,30.10625457763672,54.400650024414055,55.69654083251953,1.8551824281816451,0.40514564514160156,11.75002384185791,12.916173212102688,0.9595652010604646,,,,,,,,,,,,,,,225632,53.873777506112475,40.3454727935791,45.44985580444336,123.82052352905274,225632,53.873777506112475,40.21834823608398,45.42448806762695,128.22880966186526,725.8564429357648
fdjyp0,FDJYP-0-rectified_images,202506261727-0071,False,kept,1280,720,234,1052,126,638,205,0.8813747763633728,37.13636169433588,good,114.61123777553439,35.96947202458978,100.0,100.0,16.529415130615234,17.569010066986085,33.04424285888672,54.0065502166748,54.85745620727539,100.0,100.0,13.523818969726562,15.663455772399903,31.911510467529297,54.21421298980713,56.08094024658203,2.5010439149265733,0.3789186477661133,14.602951049804688,17.151684749388753,0.8931364196690096,,,,,,,,,,,,,,,260242,62.137549663814184,40.72975368499756,48.56583213806152,124.93197463989257,260243,62.13778843215159,40.52679077148437,48.44781494140625,123.96854843139643,734.1330689378083
fdjyp0,FDJYP-0-rectified_images,202506261727-0072,False,kept,1280,720,234,1052,126,638,346,0.6942274570465088,5.593390464782715,good,114.72723726183176,35.104166716337204,100.0,100.0,10.85950756072998,12.311015033721924,28.869770050048828,48.66952819824218,54.77923583984375,100.0,100.0,8.267934799194336,9.517944574356079,18.53671646118164,48.52704353332519,50.010223388671875,6.001488413149377,0.8619532585144043,33.31886339187622,31.013619345965772,0.6613655951115278,,,,,,,,,,,,,,,206292,49.255997860635695,44.91249454498291,54.34589767456055,176.75652404785157,206054,49.19917099633252,44.91591941833496,55.957780838012695,185.0154945373535,628.8826172240078
fdjyp0,FDJYP-0-rectified_images,202506261728-0073,False,kept,1280,720,234,1052,126,638,354,0.6474609375,4.00422487258911,good,114.90572709590197,35.00470006838441,100.0,100.0,10.241633415222168,11.790740060806275,42.44708251953125,59.32014503479002,120.0865249633789,100.0,100.0,10.04062557220459,11.341819143295288,19.912208557128906,58.9175365447998,60.28422546386719,6.238349472730441,0.5030670166015625,39.10260462760925,19.31134436124694,0.7293439146978354,,,,,,,,,,,,,,,197488,47.15388141809291,36.93579418182373,42.556175231933594,80.22437629699708,197488,47.15388141809291,37.13848514556885,42.562482833862305,128.06362472534235,637.695009354502
fdjyp0,FDJYP-0-rectified_images,202506261728-0074,False,kept,1280,720,234,1052,126,638,397,0.6698676347732544,5.90733528137207,good,115.37117836996913,35.465287044644356,100.0,100.0,11.143220901489258,12.402711105346679,44.639801025390625,69.53693580627441,121.01826477050781,100.0,100.0,11.465283393859863,12.083195924758911,31.21519660949707,67.74733390808106,70.77164459228516,7.597347706501671,0.5543460845947266,48.51078677177429,27.62955569987775,0.627789633373025,,,,,,,,,,,,,,,236298,56.42048059290954,31.98078660964966,38.46968460083008,78.9951390838623,236298,56.42048059290954,32.17236278533935,38.64708137512207,85.03637283325193,627.2887960076332
fdjyp0,FDJYP-0-rectified_images,202506261728-0075,False,kept,1280,720,234,1052,126,638,384,0.6279839277267456,4.280417346954345,good,114.41179318353534,36.66533203795552,100.0,100.0,9.181741714477539,12.383017015457153,70.57072448730469,119.15604362487791,126.74304962158203,100.0,100.0,11.797715187072754,12.119012069702148,18.7446231842041,86.13995780944823,88.92369079589844,9.582742303680437,0.5045509338378906,65.57153797149658,24.258624312347187,0.7169084004154075,,,,,,,,,,,,,,,200188,47.79855592909536,25.287487716674804,29.664445877075195,39.70406692504883,200188,47.79855592909536,25.379426250457765,29.683838844299316,38.875706939697274,619.3236508406699
fdjyp0,FDJYP-0-rectified_images,202506261728-0076,False,kept,1280,720,234,1052,126,638,399,0.6092122197151184,4.221484374999999,good,114.77633565664291,35.61807330697775,100.0,100.0,11.58291244506836,12.978170776367188,72.44805908203125,121.72990531921386,125.5025863647461,100.0,100.0,10.44732666015625,12.00777463912964,58.220970153808594,86.13823013305662,87.82658386230469,10.687360801681658,0.5761451721191406,65.87483215332031,29.410289960268948,0.6732222686495156,,,,,,,,,,,,,,,228749,54.618018413814184,25.43951156616211,29.700542449951172,70.57476104736328,228749,54.618018413814184,25.43406852722168,29.721712112426758,68.60885803222656,632.7385851182044
fdjyp0,FDJYP-0-rectified_images,202506261729-0077,False,kept,1280,720,234,1052,126,638,320,0.5857340097427368,6.193685054779053,good,115.18204817548394,35.24689096957445,100.0,100.0,8.870708465576172,11.467998743057251,30.861223220825195,48.18135986328125,54.561073303222656,100.0,100.0,10.024760246276855,10.979002571105957,18.35729217529297,48.13383827209472,49.75868606567383,6.252794011737377,0.5595216751098633,33.228872776031494,25.755701787897312,0.6395495315618657,,,,,,,,,,,,,,,192390,45.93664043398533,45.40455673217773,52.85044860839844,181.45029418945302,192315,45.91873280867971,45.36554763793945,55.14697265625,189.42162078857416,645.9063710644841
fdjyp0,FDJYP-0-rectified_images,202506261729-0078,False,kept,1280,720,234,1052,126,638,297,0.5528971552848816,5.9226998329162726,good,115.20199617370963,35.5831291526556,100.0,100.0,8.527809143066406,11.057906770706177,26.837284088134766,44.73086395263671,46.58438491821289,100.0,100.0,9.99002456665039,10.497126197814941,19.054988861083984,44.71155376434326,46.29907989501953,5.27109943701223,0.6630973815917969,30.040667295455933,25.43145438569682,0.6500562253745258,,,,,,,,,,,,,,,201136,48.02490831295844,48.84420299530029,60.98791313171387,180.64080963134765,199744,47.692542787286065,48.70421504974365,63.6835823059082,191.24491119384768,848.6569817177951
fdjyp0,FDJYP-0-rectified_images,202506261730-0079,False,kept,1280,720,234,1052,126,638,96,0.8560655117034912,2.429456949234009,good,115.42481230571866,35.18072608858347,100.0,100.0,17.404451370239258,20.2381178855896,31.432720184326172,37.29649314880371,44.241111755371094,100.0,100.0,19.476089477539062,19.81499538421631,30.981422424316406,37.58422622680664,37.930747985839844,1.0576280205439967,0.28691864013671875,5.76270866394043,10.526579691320293,0.9486459801000817,,,,,,,,,,,,,,,300525,71.75585459963325,59.14108657836914,66.3155517578125,108.46828491210937,300525,71.75585459963325,58.65536697387695,66.39241027832031,109.61208526611328,754.4910088181496
fdjyp0,FDJYP-0-rectified_images,202506261730-0080,False,kept,1280,720,234,1052,126,638,73,0.5890842080116272,4.382997035980224,good,116.068203933537,36.150380969047546,100.0,100.0,22.359569549560547,25.001896572113036,42.279903411865234,49.40660419464111,116.94584655761719,100.0,100.0,19.700895309448242,21.996000289916992,41.84333038330078,48.967018508911124,50.09969711303711,2.6584990829921584,0.16388893127441406,15.167200565338135,21.34827704767726,0.7346502480773855,,,,,,,,,,,,,,,327704,78.24533924205379,44.70427913665772,50.61886405944824,78.7708275604248,327704,78.24533924205379,44.97681930541992,50.65339660644531,86.8044790649414,1383.130821865052
fdjyp0,FDJYP-0-rectified_images,202506261731-0081,False,kept,1280,720,234,1052,126,638,69,1.0047200918197632,4.926394176483155,warning,114.57379441708326,35.00089468434453,100.0,100.0,22.574838638305664,22.944186210632324,25.461509704589844,60.99653244018481,121.68199920654297,100.0,100.0,22.153385162353516,22.660283374786378,25.442989349365234,43.729607582092285,44.405094146728516,1.558082314622577,0.27453136444091797,4.1173882484436035,6.02078239608802,0.6830464815045785,,,,,,,,,,,,,,,326638,77.99081219437653,50.48631214141846,84.34364700317383,96.08602745056153,326637,77.99057342603912,50.41537536621094,82.68949127197266,96.99451049804688,865.1875099167228
fdjyp0,FDJYP-0-rectified_images,202506261731-0082,False,kept,1280,720,234,1052,126,638,80,0.8341470956802368,17.737727546691932,good,114.56365371122956,35.71082605049014,100.0,100.0,17.638444900512695,21.64115161895752,24.840639114379883,55.56458415985018,119.6386947631836,100.0,100.0,20.957067489624023,21.895660972595216,24.46700668334961,40.34200916290283,40.71787643432617,1.5125214127245334,0.31395912170410156,4.4973063468933105,6.707718902811736,0.6515780792680638,,,,,,,,,,,,,,,325057,77.61331945293398,54.82472793579102,88.24906921386719,100.90464141845703,325057,77.61331945293398,54.64942321777344,89.2548599243164,100.13247772216798,666.3283812813461
fdjyp3,FDJYP-3-rectified_images,202506281603-0001,True,kept,1280,720,234,1052,126,638,1045,0.6560329794883728,4.6622613906860355,good,116.01497093215585,37.98181703314185,100.0,100.0,20.41407585144043,25.660731506347656,29.79824447631836,49.719398307800205,106.86747741699219,100.0,100.0,17.90143585205078,19.749519634246827,28.79251480102539,36.83064746856689,37.689697265625,1.9779943644016762,0.1557779312133789,7.419980525970459,19.229924358190708,0.07277216849849709,2.082451119007939,19.612670003056234,25.29631150672372,22.238405409535453,19.612670003056234,418816,100.0,0.767689695713864,5.924797524449878,19.698626604523227,10.77871905562347,5.924797524449878,418816,100.0,332903,79.4866958282396,60.42054473876953,73.60076141357422,85.35648773193358,332903,79.4866958282396,59.690861206054684,73.85150909423828,85.7013606262207,656.4125386066735
fdjyp3,FDJYP-3-rectified_images,202506281603-0002,True,kept,1280,720,234,1052,126,638,1031,0.6052517294883728,5.52918815612793,good,114.5514091476798,37.49901382252574,100.0,100.0,17.440628051757812,18.340706062316894,28.708404541015625,56.993733215331986,82.97520446777344,100.0,100.0,15.212291717529297,16.88513813018799,28.2723445892334,35.3354793548584,36.205848693847656,1.544633622645585,0.1914234161376953,6.084333896636963,12.649707747555011,0.41215650743388454,2.8189565334400766,20.658714089242054,25.09526856662592,21.988892496943766,20.658714089242054,418816,100.0,1.4541250412787303,16.183717909535453,25.917109183985332,18.564238233496333,16.183717909535453,418816,100.0,338469,80.81568039425427,62.616954498291015,75.59808349609375,88.12592651367187,338469,80.81568039425427,62.280997314453124,75.83020782470703,87.97715484619141,659.7231803461909
fdjyp3,FDJYP-3-rectified_images,202506281603-0003,True,kept,1280,720,234,1052,126,638,1264,0.3822157084941864,1.7438313364982623,good,114.99244067817926,35.254741087555885,100.0,100.0,18.09133529663086,19.248906803131103,44.46372985839844,50.42021942138671,91.63713836669922,100.0,100.0,16.68280601501465,19.414947986602783,44.43662643432617,50.697380447387694,51.59437561035156,0.7031999377529239,0.18953704833984375,3.176602363586426,5.893518872249389,0.9867189408004122,1.048535231437106,4.037333817237164,23.419831143031786,8.078249159535453,4.037333817237164,418816,100.0,1.282324916480478,11.1500038202934,27.461701558679707,15.245119575183374,11.1500038202934,418816,100.0,309647,73.93389937347187,43.6229704284668,47.93678283691406,64.40377182006834,309647,73.93389937347187,43.38022354125977,47.97748947143555,64.16379608154297,638.0759021267295
fdjyp3,FDJYP-3-rectified_images,202506281604-0004,True,kept,1280,720,234,1052,126,638,1215,0.4587673544883728,1.9409070968627935,good,115.98008824512362,36.38316784054041,100.0,100.0,27.623001098632812,31.28653554916382,42.472843170166016,48.77512664794922,80.42878723144531,100.0,100.0,19.475446701049805,21.327180671691895,42.03741455078125,48.7959005355835,49.07274627685547,2.47888622383307,0.1336669921875,15.928695678710938,17.80734260391198,0.7578655821515496,2.376841185878607,18.59098028728606,26.3067791106357,22.326272157701712,18.59098028728606,418816,100.0,0.9328843508380258,7.318010773227384,20.3182304400978,13.122230287286063,7.318010773227384,418816,100.0,344858,82.341171301956,45.27264511108398,50.811262130737305,60.49082084655761,344858,82.341171301956,45.20680618286133,50.84843635559082,60.60124485015868,731.5274169668555
fdjyp3,FDJYP-3-rectified_images,202506281604-0005,True,kept,1280,720,234,1052,126,638,1086,0.4153374433517456,4.117953777313232,good,114.98545901849866,35.805616062134504,100.0,100.0,25.491247177124023,28.62708797454834,41.456939697265625,51.6624225616455,52.60994338989258,100.0,100.0,18.57044219970703,28.815011978149414,41.208621978759766,51.73975563049316,52.83195114135742,0.21634067033934418,0.14549636840820312,0.5601043701171875,0.28508939486552565,0.9974683758819715,0.7866673758230684,1.4560093215158925,26.927338019559905,2.151780256723716,1.4560093215158925,418816,100.0,0.8232103087017107,1.2246428025672373,31.994479676039123,2.2095621943765282,1.2246428025672373,418816,100.0,416916,99.54634015892421,42.71929721832275,53.19061470031738,76.82048606872547,416916,99.54634015892421,42.65676307678223,53.483028411865234,76.28611297607421,668.227159883827
fdjyp3,FDJYP-3-rectified_images,202506281604-0006,True,kept,1280,720,234,1052,126,638,1082,0.4729953408241272,4.78840317726135,good,115.8972978591919,37.04712586477399,100.0,100.0,19.712125778198242,25.35152950286865,35.38310241699219,43.22413635253906,43.77777099609375,100.0,100.0,10.645233154296875,25.454363059997558,35.214111328125,43.26899375915527,43.96759796142578,0.21390063490509112,0.1511526107788086,0.5262432098388672,0.3290227689486553,0.9962299929647762,0.6016647963577422,1.1396412744498776,11.559730287286063,1.6272062194376529,1.1396412744498776,418816,100.0,0.6698674209425021,1.0746962866748166,17.665275443154034,1.5995090922982884,1.0746962866748166,418816,100.0,415731,99.26339967909536,51.05690002441406,62.286048889160156,86.29923553466797,415731,99.26339967909536,51.0073429107666,62.583683013916016,86.10498199462893,751.8244567327201
fdjyp3,FDJYP-3-rectified_images,202506281604-0007,True,kept,1280,720,234,1052,126,638,737,0.5524088740348816,5.6789334297180165,good,115.85674621164799,36.34273074567318,100.0,100.0,39.80836486816406,41.54535083770752,56.64445495605469,70.81254997253416,72.49745178222656,100.0,100.0,40.105125427246094,41.4736888885498,56.73188018798828,71.21764907836913,73.42082214355469,0.21106811404264644,0.1312713623046875,0.5387029647827148,0.23876833740831296,0.9961705515844085,0.9540726597486906,1.174262683374083,35.77776398227384,3.0392821668704153,1.1979007487775062,418816,100.0,0.9842073120140359,1.1632793398533008,38.12700565403423,3.7851944529339856,1.1811869651589242,418816,100.0,418721,99.97731700794621,31.168597793579103,38.967525482177734,53.09843597412108,418721,99.97731700794621,30.992355728149413,38.90163803100586,53.18856582641601,676.6101778484881
fdjyp3,FDJYP-3-rectified_images,202506281605-0008,True,kept,1280,720,234,1052,126,638,1285,0.4220920205116272,1.630870246887208,good,113.8438219204545,36.53292125090957,100.0,100.0,39.50649642944336,41.86385269165039,53.403751373291016,62.910706138610834,88.54263305664062,100.0,100.0,33.38308334350586,37.44388275146484,53.35503387451172,62.791714668273926,63.6041145324707,0.3379383065298309,0.13600540161132812,0.4764528274536133,1.1592202781173593,0.9389726026103669,0.8723931333419017,1.34593711797066,27.025949342909534,1.8862698655256724,1.34593711797066,418816,100.0,0.8219734051499361,1.2807533618581908,28.251547218826406,2.0245167328850853,1.2817084352078238,418816,100.0,414163,98.88901092603912,35.11131423950195,41.29506301879883,52.55626792907715,414163,98.88901092603912,35.14657478332519,41.31378173828125,52.72996871948243,693.3729401789606
fdjyp3,FDJYP-3-rectified_images,202506281605-0009,True,kept,1280,720,234,1052,126,638,1288,0.3748643696308136,1.7282877326011654,good,114.29080413654447,36.095956806093454,100.0,100.0,18.109683990478516,19.63067274093628,44.15376281738281,50.445044326782224,123.58380126953125,100.0,100.0,18.537046432495117,19.44543914794922,44.066627502441406,50.04002647399902,51.02879333496094,1.7172505698169065,0.22274398803710938,11.346237182617188,10.185140968826406,0.8717749871057385,2.8865862396752924,14.644378438264058,24.95606662591687,16.28782090464548,14.644378438264058,418816,100.0,1.5760704313830671,13.294859795232275,30.058784764669927,16.1190116900978,13.294859795232275,418816,100.0,274476,65.5361781784841,43.78930854797363,47.65838813781738,65.81955909729004,274476,65.5361781784841,43.915971755981445,47.67053413391113,65.73334693908691,614.1302990727127
fdjyp3,FDJYP-3-rectified_images,202506281605-0010,True,kept,1280,720,234,1052,126,638,1096,0.8161349892616272,4.842719316482544,good,115.36393221467733,35.543117206543684,100.0,100.0,30.974138259887695,31.74257860183716,43.52211380004883,57.64077396392822,58.15508270263672,100.0,100.0,30.707130432128906,31.85319814682007,43.44047546386719,57.562228965759275,58.13988494873047,0.1809365772129854,0.11571121215820312,0.42236328125,0.4359909841075794,0.9982300254672755,0.6894255376359434,1.368858878361858,20.80531784841076,17.553054324572127,1.368858878361858,418816,100.0,0.7273222979358546,1.2318058526894866,21.71526398227384,15.098515816014672,1.2318058526894866,418816,100.0,418762,99.98710650977995,38.28907962799072,50.728315353393555,69.49590133666992,418762,99.98710650977995,38.34446643829346,50.818115234375,69.27403259277344,762.8243821673095
fdjyp3,FDJYP-3-rectified_images,202506281606-0011,True,kept,1280,720,234,1052,126,638,1115,0.3908962607383728,1.812467432022096,good,114.32699300348759,35.50523705780506,100.0,100.0,24.495895385742188,26.642516136169434,37.41326904296875,49.92475547790527,50.04396057128906,100.0,100.0,22.737293243408203,26.29341325759888,37.39588165283203,50.04151802062988,50.32280731201172,0.21543366727498894,0.13363933563232422,0.5523891448974609,0.4345583740831296,0.9976883171777935,0.41693506309703393,0.7153499388753056,5.449648533007335,0.8485826711491442,0.7153499388753056,418816,100.0,0.47469370207842665,0.8641026130806846,6.9956735177261615,1.1649507182151588,0.8641026130806846,418816,100.0,416716,99.49858649144254,44.20709934234619,58.904449462890625,82.69949722290038,416716,99.49858649144254,44.10435333251953,58.931182861328125,83.65506858825684,655.9781790710986
fdjyp3,FDJYP-3-rectified_images,202506281607-0012,True,excluded,1280,720,234,1052,126,638,731,0.6314018964767456,2.739149332046509,good,114.90012286230922,36.03576868772507,100.0,100.0,12.183342933654785,16.69878797531128,98.24526977539062,126.50711364746093,131.6342010498047,100.0,100.0,13.645317077636719,15.303526496887207,109.9884033203125,147.25624923706056,155.1227569580078,14.543969297861285,0.3731403350830078,116.01150608062744,24.5145839700489,0.6746729081149242,18.798546355133443,29.74981853606357,77.74416450183375,53.44136804706602,38.361237393031786,418816,100.0,5.262416384335435,13.828029492665037,77.64173288508557,44.57470583740831,23.20279072432763,418816,100.0,303308,72.42034688264059,17.427772521972656,19.775394439697266,128.22490982055663,303308,72.42034688264059,14.85755048751831,18.697118759155273,68.95991775512695,671.2290341965854
fdjyp3,FDJYP-3-rectified_images,202506281607-0013,True,kept,1280,720,234,1052,126,638,1342,0.5252143144607544,1.9657253980636624,good,114.63478114455938,35.60857009142637,100.0,100.0,18.93690299987793,45.319603538513185,54.169830322265625,62.65032863616943,69.1822280883789,100.0,100.0,24.45551109313965,45.33864822387695,54.13818359375,62.433540153503415,64.55057525634766,0.213394497154613,0.11117935180664062,0.4893159866333008,0.5104867053789731,0.9764696133818201,0.6758078223863995,0.9522081295843522,6.691243887530563,2.075374388753056,0.9526856662591686,418816,100.0,0.731563481850627,0.8036942237163814,9.991022310513447,1.873615143643032,0.8036942237163814,418816,100.0,415499,99.20800542481662,35.22232833862304,40.71754455566406,48.04372253417969,415499,99.20800542481662,35.34866683959961,40.733154296875,47.991406784057624,658.3267110399902
fdjyp3,FDJYP-3-rectified_images,202506281607-0014,True,kept,1280,720,234,1052,126,638,1216,0.425048828125,1.8866916298866272,good,113.89766819775105,36.501454655081034,100.0,100.0,19.693166732788086,23.07105770111084,55.80254364013672,63.74468154907226,70.53714752197266,100.0,100.0,16.487455368041992,18.438386821746825,55.79884338378906,63.08819103240967,64.12266540527344,3.3519909826760843,0.18438720703125,23.666067123413086,20.9874980898533,0.8986928723763586,3.6899362801366955,22.347045003056234,33.37623204462103,24.507898456601467,22.352536674816626,418816,100.0,2.013419889123122,5.45752788814181,20.065374770782395,7.424978988386307,5.45752788814181,418816,100.0,340518,81.30491671760392,34.53414615631104,39.00132751464844,93.57570045471192,340518,81.30491671760392,34.93827907562256,38.99171257019043,114.2792758178711,704.7811239026487
fdjyp3,FDJYP-3-rectified_images,202506281607-0015,True,kept,1280,720,234,1052,126,638,1135,0.4186197817325592,1.9756836175918584,good,115.31594395637512,35.61662836000323,100.0,100.0,18.52543067932129,23.735924625396727,60.29271697998047,95.46347351074218,106.02203369140625,100.0,100.0,17.352590560913086,20.76729621887207,60.222415924072266,95.76385116577147,104.8839111328125,0.42122146016792883,0.14325714111328125,0.7179098129272461,2.0892229523227384,0.9869453926703521,1.4440422817554626,4.481920461491443,25.212742588630803,7.376270247555013,4.549491900977995,418816,100.0,1.5728135019458813,4.232407548899755,25.781488768337407,6.634417023227384,4.424854828850855,418816,100.0,409406,97.75318994498777,23.092933940887452,36.49929237365723,59.63278846740724,409406,97.75318994498777,23.024666118621827,36.550214767456055,62.6569965362549,672.9335421696305
fdjyp3,FDJYP-3-rectified_images,202506281608-0016,True,kept,1280,720,234,1052,126,638,1144,0.5492892861366272,3.141753554344179,good,114.91905013099313,35.29577516019344,100.0,100.0,51.507164001464844,52.452745819091795,59.115478515625,67.91364555358886,71.5921859741211,100.0,100.0,51.55815124511719,52.54491844177246,59.179988861083984,67.9116527557373,71.60765075683594,0.144543411105434,0.1076507568359375,0.3844118118286133,0.028652200488997557,0.9984484361940024,0.3592038690260541,0.06375114608801956,1.3414005195599024,0.17119689792176038,0.06566129278728607,418816,100.0,0.39746565034745085,0.0,1.4973162438875305,0.03963554400977995,0.0,418816,100.0,418803,99.99689601161369,32.498785400390624,37.33375549316406,42.07678596496582,418803,99.99689601161369,32.497689743041995,37.29412841796875,42.00314186096191,688.8259258121252
fdjyp3,FDJYP-3-rectified_images,202506281608-0017,True,kept,1280,720,234,1052,126,638,1014,0.8751084804534912,2.698263955116274,good,115.76483538374305,36.51290386915207,100.0,100.0,56.808448791503906,58.100111198425296,62.85778045654297,70.17154235839843,72.36007690429688,100.0,100.0,56.47285461425781,58.359327507019046,62.77080535888672,69.98542518615722,72.01490783691406,0.17787409762335,0.14292335510253906,0.4541358947753906,0.0,0.997518000748117,0.43342988581959074,0.008595660146699267,1.4041965922982884,0.29296875,0.017191320293398534,418816,100.0,0.5443764206176865,0.012415953545232275,5.297075565403423,0.06566129278728607,0.012415953545232275,418816,100.0,418811,99.99880615831296,31.45202579498291,35.11147689819336,37.98469276428223,418811,99.99880615831296,31.53606472015381,35.16062545776367,37.817019653320315,669.3913559429348
fdjyp3,FDJYP-3-rectified_images,202506281608-0018,True,kept,1280,720,234,1052,126,638,335,0.4956597089767456,2.6978461265563984,good,116.1274379119277,35.753393080085516,100.0,100.0,14.697181701660156,17.505697631835936,34.576148986816406,124.62279319763184,133.13084411621094,100.0,100.0,48.7667121887207,50.324185371398926,173.58984375,187.99993896484375,188.00003051757812,97.3309445167393,125.39853858947754,170.01814317703247,75.80679821210269,-0.1759083378453014,108.78833568225498,81.23949419315404,81.48327666564792,81.46059367359413,81.45725091687042,418816,100.0,12.31708134197992,40.2632659688264,77.36237393031786,72.68323082212714,65.92704194682152,418816,100.0,354950,84.75082136308069,17.703554973602294,84.94072723388672,126.09275085449218,354951,84.75106013141809,11.739507675170898,12.19863224029541,41.57431411743164,723.3443707227707
fdjyp3,FDJYP-3-rectified_images,202506281609-0019,True,excluded,1280,720,234,1052,126,638,580,0.5147569179534912,2.769634270668032,good,115.17697898671031,36.91537585109472,100.0,100.0,10.999544143676758,16.395009899139403,47.74888610839844,127.05936737060547,129.11851501464844,100.0,100.0,43.396785736083984,44.55872402191162,128.4231414794922,146.25777435302734,149.08328247070312,52.00745667897456,7.327899932861328,124.74828672409058,53.50893948655256,-0.03882159949188334,55.51728522273414,64.04124961797066,80.87322356356968,77.13936430317848,73.66050962713936,418816,100.0,4.671439437664736,13.726314180929094,51.68546569376527,36.520572279951104,27.888380577628364,418816,100.0,407703,97.34656746638142,17.372736320495605,46.0906867980957,134.5935040283203,407703,97.34656746638142,15.088654041290283,17.138652801513672,49.51907646179198,692.7586290985346
fdjyp3,FDJYP-3-rectified_images,202506281609-0020,True,excluded,1280,720,234,1052,126,638,550,0.561279296875,3.7944362401962306,good,114.78256806731224,35.94822995364666,100.0,100.0,17.236963272094727,20.73311529159546,100.55657958984375,126.94456253051757,131.97314453125,100.0,100.0,41.313438415527344,41.61997604370117,110.91529846191406,139.02980804443357,143.8734893798828,11.892036662357324,0.25547027587890625,110.6421709060669,17.22427032396088,0.6031522374376455,15.137943494340865,25.633929935819072,54.00653270171149,45.73894025061125,38.63605974938875,418816,100.0,3.9979184809115815,11.542538966992664,46.36857235635697,32.19265739608802,22.295709810513447,418816,100.0,400952,95.7346424205379,17.38466932296753,21.422330856323242,106.5687404632568,400952,95.7346424205379,15.868283491134644,19.68674087524414,53.03636154174805,732.9774498939514
fdjyp3,FDJYP-3-rectified_images,202506281609-0021,True,kept,1280,720,234,1052,126,638,1166,0.3674723207950592,1.5260688066482544,good,114.70744013786316,36.86969308182597,100.0,100.0,20.126604080200195,44.25531234741211,59.8579216003418,89.28048782348631,100.21073913574219,100.0,100.0,20.07806968688965,40.60317459106445,59.8779182434082,89.0923252105712,100.6705322265625,0.27601163477743895,0.13511276245117188,0.6517448425292969,0.5878476466992665,0.9910010687679027,0.9980612015283341,2.3435112316625917,28.307657778117363,4.669592374694377,2.4753113539119806,418816,100.0,1.0367081522495283,1.79744804400978,31.332375076405867,3.7403060055012225,1.8165495110024452,418816,100.0,414140,98.88351925427872,24.706461486816405,36.81991004943848,46.3991882705688,414141,98.88375802261614,24.75905647277832,36.813514709472656,47.22518310546874,672.2935861907899
fdjyp3,FDJYP-3-rectified_images,202506281610-0022,True,kept,1280,720,234,1052,126,638,1144,0.4983181357383728,1.9370836377143863,good,115.69128604605794,36.94454999640584,100.0,100.0,18.956026077270508,19.489854049682616,65.45655822753906,84.65621604919433,89.82770538330078,100.0,100.0,19.182209014892578,23.86247968673706,65.23509979248047,84.71410255432129,89.44340515136719,0.24596733481493438,0.14145278930664062,0.516301155090332,0.7824438416870416,0.9944325134373442,1.2448360155448135,1.4089719590464547,33.856156402811735,2.58156326405868,1.5584409382640587,418816,100.0,1.3006653752870183,1.5665590617359413,47.15961185819071,2.3494804400977993,1.6081047524449876,418816,100.0,414015,98.85367321210269,26.06232852935791,33.65245819091797,42.65872299194336,414014,98.85343444376528,26.046587181091308,33.75839805603027,42.617344245910644,722.0620070584118
fdjyp3,FDJYP-3-rectified_images,202506281610-0023,True,kept,1280,720,234,1052,126,638,825,0.5983073115348816,2.592344808578492,good,116.68013827875257,37.586648017168045,100.0,100.0,13.430265426635742,14.03861207962036,90.079345703125,110.19551620483398,117.0082778930664,100.0,100.0,13.596062660217285,14.70672469139099,89.91383361816406,110.14212112426755,114.9773178100586,0.3374792939475521,0.1417388916015625,0.8379936218261719,1.3399679095354524,0.9943812467531514,2.6227541613258185,3.367827399144254,94.56157357885085,11.37492359413203,5.405237622249389,418816,100.0,2.589047180051508,3.391226696210269,93.88585918398533,11.415036674816626,4.2928159382640585,418816,100.0,403044,96.23414578239608,20.008496170043944,24.363999366760254,30.930637035369873,403044,96.23414578239608,20.02029788970947,24.38111400604248,31.018224411010742,675.8650010451674
fdjyp3,FDJYP-3-rectified_images,202506281610-0024,True,kept,1280,720,234,1052,126,638,986,1.1160210371017456,4.8541259765625,warning,115.83647690713406,36.750881001353264,100.0,100.0,12.584938049316406,13.98260269165039,67.49795532226562,91.73839225769039,116.54864501953125,100.0,100.0,8.813517570495605,13.143917036056518,67.46240234375,91.60460090637207,95.99359893798828,0.6489181854718873,0.15973663330078125,1.3573954105377197,3.698521546454768,0.9899177650878214,2.7196568714495757,7.990143643031784,86.79276818459658,13.631045614303178,8.429954920537899,418816,100.0,2.944010542912869,8.17781555623472,85.22955187958435,13.636537286063568,8.36166717603912,418816,100.0,378017,90.25849060207824,23.98576545715332,32.052734375,155.26682312011718,378017,90.25849060207824,24.021673583984374,32.129188537597656,161.8408740234375,737.3823919333518
fdjyp3,FDJYP-3-rectified_images,202506281610-0025,True,kept,1280,720,234,1052,126,638,910,0.4310167133808136,1.3144694089889528,good,115.37297395989299,36.814609076827765,100.0,100.0,52.95393371582031,55.56422882080078,72.27555847167969,95.53545303344725,100.72425842285156,100.0,100.0,35.03506088256836,55.29270992279053,72.21478271484375,95.52389984130858,100.22101593017578,0.20756542414864002,0.1364593505859375,0.46681690216064453,0.2678980745721271,0.997437974399318,1.0368653056655799,0.2191893337408313,45.548164349022,3.1784841075794623,0.816348945599022,418816,100.0,1.0803690813846138,0.4159344437652812,50.91687041564792,3.738395858801956,0.4667920996332518,418816,100.0,417600,99.70965770171149,23.09974359512329,30.525382041931152,39.721733283996585,417601,99.7098964700489,23.102706909179688,30.55167007446289,39.83062744140625,702.2167933173478
fdjyp3,FDJYP-3-rectified_images,202506281611-0026,True,kept,1280,720,234,1052,126,638,1024,0.3716091513633728,1.1774929642677314,good,114.54644799232483,36.38562327250838,100.0,100.0,51.838226318359375,54.14765338897705,80.03278350830078,108.08702735900879,116.5627212524414,100.0,100.0,51.87784957885742,54.28916778564453,80.03248596191406,108.05021934509276,113.52233123779297,0.19630076454765638,0.13600921630859375,0.5423860549926758,0.052290265892420536,0.9996677957255836,1.3007216839470461,0.852164196210269,80.66979294009779,5.6996389822738385,1.4954060971882641,418816,100.0,1.3084363657389118,0.682877444987775,76.77452628361858,8.066788279339853,1.4784535452322738,418816,100.0,417997,99.80444873166259,20.417096252441407,27.561769485473633,40.76394546508788,417997,99.80444873166259,20.425807037353515,27.562990188598633,40.65437911987304,757.3777260258794
fdjyp3,FDJYP-3-rectified_images,202506281611-0027,True,kept,1280,720,234,1052,126,638,1055,0.8494465947151184,1.6250433683395389,good,112.83806012943387,37.048008758574724,100.0,100.0,42.302650451660156,68.80760116577149,99.189208984375,124.67731475830077,126.5378189086914,100.0,100.0,61.36937713623047,68.8211727142334,99.23636627197266,123.53811149597168,129.73130798339844,0.27821051835795196,0.1494140625,0.8436355590820312,0.32353109718826406,0.9961163612971464,1.5704100311057492,0.3135028270171149,96.42778690403424,10.966629737163816,1.928054324572127,418816,100.0,1.6224334770608648,0.09502979828850856,96.33156326405869,13.34762759779951,2.490353759168704,418816,100.0,418747,99.98352498471883,17.702441482543946,22.252649307250977,32.05994522094725,418747,99.98352498471883,17.8662926864624,22.240253448486328,32.05601608276367,683.4953753277659
fdjyp3,FDJYP-3-rectified_images,202506281611-0028,True,kept,1280,720,234,1052,126,638,1021,0.4671224057674408,2.436170816421509,good,113.25633898377419,36.00251767784357,100.0,100.0,65.36384582519531,69.34627494812011,85.098876953125,101.2903034210205,120.03619384765625,100.0,100.0,65.47312927246094,69.44678649902343,84.65338134765625,99.67008056640626,105.7116470336914,0.7584955638916685,0.1413421630859375,4.403379440307617,5.53106853606357,0.9331475070654525,3.0141942572477105,9.471701176650367,76.26571095660147,12.359365449266503,9.876891045232274,418816,100.0,2.4627219643125033,9.025681922371637,76.04174625611248,12.21109031173594,9.495816778728607,418816,100.0,394340,94.15590617359413,22.09955825805664,25.942873001098633,31.86968734741211,394340,94.15590617359413,22.12870704650879,25.967799186706543,31.817093639373777,698.2223750092089
fdjyp3,FDJYP-3-rectified_images,202506281613-0029,True,kept,1280,720,234,1052,126,638,873,0.6695420742034912,3.014561605453497,good,115.47814914956689,36.50798927992582,100.0,100.0,41.724510192871094,45.58870239257813,79.35679626464844,123.62509841918946,127.85342407226562,100.0,100.0,39.94511032104492,45.82835578918457,76.059814453125,134.69509277343747,143.61090087890625,1.7721123157437972,0.1888885498046875,16.11297035217285,7.554152658924205,0.958922732643115,5.603280479803426,14.146546454767725,97.28878552872861,84.70020247555013,46.40176115525672,418816,100.0,4.106005205019106,12.8044296301956,97.06219437652813,82.66064333740832,46.4010448502445,418816,100.0,388749,92.82095239914425,17.841808242797853,28.11115264892578,47.117420501709,388749,92.82095239914425,16.32706817626953,28.119495391845703,46.956205749511724,689.4591087475419
fdjyp3,FDJYP-3-rectified_images,202506281613-0030,True,kept,1280,720,234,1052,126,638,717,1.05517578125,3.272802686691284,warning,116.51466274634004,36.34274797514081,100.0,100.0,18.755138397216797,20.9397536277771,46.554100036621094,75.61877212524412,85.03961181640625,100.0,100.0,10.5329008102417,12.812533569335937,46.42456817626953,78.27431488037107,90.16675567626953,0.9368207644794163,0.15761184692382812,7.2132463455200195,7.805814486552568,0.9853734611965699,2.4901755565895827,10.11398800427873,98.93700336185819,54.52322738386308,13.253075336185818,418816,100.0,2.638552864284817,8.913222035452323,96.55696057457213,53.454261537286065,13.55607235635697,418816,100.0,369736,88.28125,29.035215854644775,44.92334747314453,74.01845550537114,369736,88.28125,27.911932945251465,45.06527137756348,74.34586181640633,680.8609706349671
fdjyp3,FDJYP-3-rectified_images,202506281613-0031,True,kept,1280,720,234,1052,126,638,841,0.6973469853401184,2.1512043476104736,good,114.90686610341072,35.50375904887915,100.0,100.0,9.722477912902832,10.06128363609314,54.04558563232422,60.609111022949214,63.54348373413086,100.0,100.0,6.688969612121582,9.499935674667359,54.19172668457031,60.588780593872066,63.23686218261719,0.4593842330315859,0.19314861297607422,1.5294246673583984,2.108085650977995,0.9969381016722487,2.4185771671531398,11.548269407090464,37.31137301344744,15.66726199572127,11.548269407090464,418816,100.0,2.4442728075362776,11.0494823502445,33.98198731662592,14.318220889364303,11.0494823502445,418816,100.0,333452,79.61777964547677,36.324265518188476,39.86736869812012,190.9945568847656,335348,80.07048441320293,36.332398910522464,39.779462814331055,197.89677536010743,646.6057631187141
fdjyp3,FDJYP-3-rectified_images,202506281613-0032,True,kept,1280,720,234,1052,126,638,735,1.4380967617034912,6.113736915588379,warning,115.5577921308577,36.32822120562196,100.0,100.0,10.411195755004883,10.575769710540772,47.69392395019531,55.203542137145995,58.14136505126953,100.0,100.0,9.045622825622559,9.635338068008423,47.7449951171875,55.12938613891601,58.088340759277344,0.5360686122314563,0.21963977813720703,1.9020068645477295,2.723869193154034,0.9971331945025578,2.3075987620388494,12.653766809290953,38.782663508557455,16.36136155256724,12.653766809290953,418816,100.0,2.2439080756408116,11.685561201100244,31.35481930012225,14.502311277506113,11.685561201100244,418816,100.0,328245,78.37451291259168,39.803203125,44.67110061645508,196.5925799560547,320822,76.60213554400977,39.88354125976562,44.522823333740234,197.22565856933593,685.4274058714509
fdjyp3,FDJYP-3-rectified_images,202506281614-0033,True,kept,1280,720,234,1052,126,638,856,0.7057291269302368,5.500108480453491,good,113.69685409590602,36.24744201079011,100.0,100.0,11.486435890197754,11.964252042770386,60.654945373535156,103.94254570007324,113.13737487792969,100.0,100.0,10.975800514221191,11.918022155761719,60.513526916503906,104.05850563049313,112.78820037841797,0.6508866739379638,0.18331146240234375,1.0709667205810547,3.186363462713936,0.9893504629657486,2.964606198350145,12.081677872860636,30.280839318459655,16.105401894865526,12.39231547982885,418816,100.0,2.8946425300729084,12.319252368581907,32.00498548288508,15.440670843520781,12.567332671149146,418816,100.0,377981,90.24989494193154,21.127579498291016,35.86884689331055,183.74403381347656,377981,90.24989494193154,21.106870269775392,35.97835922241211,180.19737243652344,671.1593880318105
fdjyp3,FDJYP-3-rectified_images,202506281614-0034,True,kept,1280,720,234,1052,126,638,1014,0.4545084834098816,1.9524821400642396,good,114.84703887254,36.11370734870434,100.0,100.0,11.091979026794434,11.442504072189331,80.04744720458984,90.36561431884762,128.98789978027344,100.0,100.0,8.448138236999512,11.897472667694093,80.11862182617188,88.64209060668945,92.00190734863281,1.159772297412995,0.2385101318359375,1.4173030853271484,3.19854064792176,0.9602135860525871,3.545549371348088,8.990821745110024,52.677070599022,21.442113004278728,11.283475320904646,418816,100.0,3.2109146090588716,8.585870644865526,52.124083129584356,18.974203468826406,10.67294468215159,418816,100.0,361801,86.38662324266504,24.3112850189209,27.258581161499023,33.813716888427734,361801,86.38662324266504,24.837947845458984,27.3021183013916,44.032264709472656,681.2835233286023
fdjyp3,FDJYP-3-rectified_images,202506281614-0035,True,kept,1280,720,234,1052,126,638,709,0.8369683027267456,5.13379974365235,good,114.76988298818469,36.10609704628587,100.0,100.0,12.918088912963867,15.531880474090576,63.759342193603516,71.05184936523438,74.70115661621094,100.0,100.0,11.757973670959473,15.205060005187988,63.77949905395508,71.05740013122559,72.14849853515625,0.9502412519032878,0.24172687530517578,6.128248691558838,8.03025672371638,0.992559758406883,2.8062600036695926,11.332900366748166,39.43808259474328,15.489140816014672,11.465894330684597,418816,100.0,2.976012988733287,8.248252215770172,36.192982121026894,12.289645094743276,8.375515739608803,418816,100.0,327250,78.13693841687042,31.018483104705812,33.65332221984863,137.36740982055665,327250,78.13693841687042,30.993272037506102,33.71363830566406,139.79760375976565,635.156141128391
fdjyp3,FDJYP-3-rectified_images,202506281614-0036,True,kept,1280,720,234,1052,126,638,791,0.5381401777267456,4.976128578186035,good,116.05505691841245,36.77267534658313,100.0,100.0,15.444811820983887,16.217630195617676,83.08068084716797,93.6688133239746,102.46218872070312,100.0,100.0,15.246572494506836,16.06618528366089,83.20100402832031,93.54261016845702,95.33564758300781,1.7817923942703782,0.278106689453125,8.540414810180664,6.526493734718826,0.9754206832481231,3.871060863667803,10.85106586185819,54.90310780867971,21.83011155256724,13.51619804400978,418816,100.0,3.6537073549579984,7.2351581601467,59.86328125,18.14448349633252,8.933039807457213,418816,100.0,338070,80.72041182762835,23.47504819869995,25.89177894592285,134.7101724243164,338070,80.72041182762835,23.529848175048826,25.96052074432373,134.47561645507812,647.9172799736261
fdjyp3,FDJYP-3-rectified_images,202506281615-0037,True,kept,1280,720,234,1052,126,638,568,0.7344563603401184,4.101562452316285,good,115.63372099772096,36.853866185992956,100.0,100.0,15.108407020568848,17.032673168182374,93.68495178222656,127.53222122192382,131.87451171875,100.0,100.0,17.128952026367188,18.343323993682862,93.78364562988281,142.12725982666012,148.03636169433594,1.6767547865327639,0.23976898193359375,12.716300964355469,10.528012301344743,0.9826465070337888,3.620154702992686,13.62961300427873,63.96102345660146,26.173307610024448,18.026531937652813,418816,100.0,2.6079357216968075,5.8565097799511,62.60601314180929,20.686888753056234,9.947088936430317,418816,100.0,394381,94.16569567542787,17.303013610839844,23.438488006591797,29.19545707702637,394381,94.16569567542787,15.514323043823243,23.409019470214844,29.25426368713379,669.9271602556109
fdjyp3,FDJYP-3-rectified_images,202506281615-0038,True,kept,1280,720,234,1052,126,638,514,0.7174886465072632,4.715478610992431,good,114.4290016964078,36.972429137676954,100.0,100.0,39.37176513671875,46.163491821289064,80.49755859375,122.55084686279295,127.9793472290039,100.0,100.0,9.638956069946289,10.58746771812439,78.66227722167969,121.99382019042969,127.56217956542969,13.473292207921466,0.3217811584472656,61.016335010528564,25.525051573960877,0.679360126408386,7.452794806726623,31.339299358190708,66.66794009779952,46.076081143031786,36.17984986246944,418816,100.0,8.811218406374323,31.128705684596575,66.25224442237165,47.907434290953546,35.69156861246944,418816,100.0,311450,74.36439868581907,17.88082757949829,26.30201244354248,41.82173000335694,311450,74.36439868581907,17.92133825302124,26.314228057861328,42.367092056274416,653.4687248058617
fdjyp3,FDJYP-3-rectified_images,202506281615-0039,True,kept,1280,720,234,1052,126,638,529,0.7012261152267456,3.4158392429351796,good,114.93506096303463,36.396061070263386,100.0,100.0,8.636741638183594,10.06782832145691,51.471588134765625,55.25698051452636,114.77478790283203,100.0,100.0,9.12928581237793,9.51596441268921,51.296836853027344,55.164546966552734,55.56857681274414,1.93379836097305,0.23961639404296875,7.840868949890137,14.514249694376527,0.9415480463743174,3.3559474160434783,17.939859031173594,49.4828277811736,26.462694834963322,17.939859031173594,418816,100.0,2.2960834595167547,5.16575297982885,36.95465311735941,10.42534191625917,5.16575297982885,418816,100.0,266638,63.66471194987775,40.01527347564697,41.29237937927246,49.3751689529419,266638,63.66471194987775,39.98071174621582,41.3156852722168,49.54164215087891,619.3310236558318
fdjyp3,FDJYP-3-rectified_images,202506281616-0040,True,kept,1280,720,234,1052,126,638,711,0.7760959267616272,2.9969074726104736,good,115.53280055522919,36.32017830386758,100.0,100.0,16.426292419433594,16.554301261901855,65.11193084716797,71.02927207946777,74.01773834228516,100.0,100.0,14.491998672485352,15.38063578605652,64.86894226074219,71.11783752441406,72.91065979003906,2.6453815123981688,0.3131723403930664,22.334108591079712,11.670280027506113,0.9572459102247158,2.9467688684139977,14.316549511002444,39.66204729523227,18.899707747555013,14.479628285452323,418816,100.0,3.585069029767312,11.450851925427873,35.007497325794624,15.910328163202934,11.684367359413203,418816,100.0,328335,78.39600206295843,31.001119003295898,33.027103424072266,133.14023803710938,328336,78.39624083129584,30.973166847229002,33.029767990112305,137.35796508789065,676.1866151355207
fdjyp3,FDJYP-3-rectified_images,202506281616-0041,True,kept,1280,720,234,1052,126,638,874,0.7778862714767456,6.076008987426759,good,119.52575109899044,38.112718146294355,100.0,100.0,12.644634246826172,15.239309406280517,66.38143157958984,85.49214973449706,99.2791519165039,100.0,100.0,14.112338066101074,14.90218677520752,66.30023193359375,84.75397911071776,89.2740478515625,1.238919460988879,0.183807373046875,3.3491623401641846,5.178168933374083,0.9745291870589324,2.2407814532559374,6.919745186430318,34.97789005195599,11.472102307457213,7.09500114608802,418816,100.0,2.462875865313309,8.371934214547677,41.725005730440095,12.275318994498779,8.50325680012225,418816,100.0,360250,86.01629355134475,25.70760404586792,32.952613830566406,141.9026091003418,360250,86.01629355134475,25.95115037918091,32.96611404418945,145.49022903442383,679.1316592134535
fdjyp3,FDJYP-3-rectified_images,202506281616-0042,True,kept,1280,720,234,1052,126,638,631,0.9935981035232544,6.795993328094482,good,115.78515404835343,36.38487868010998,100.0,100.0,18.016355514526367,18.801617908477784,66.56600952148438,75.65003242492675,80.31007385253906,100.0,100.0,14.912677764892578,15.521096229553223,66.5102767944336,75.40844955444335,80.0912857055664,1.1421999355213384,0.20315170288085938,5.970980644226074,6.9999713477995105,0.9754294774351135,3.0622318905111046,14.649870110024448,36.72997211185819,19.55393299205379,14.817246714547677,418816,100.0,3.7675388717140392,15.090397692542787,38.351925427872864,19.579242435819072,15.336806616748166,418816,100.0,383616,91.59535452322739,29.09556941986084,33.0150146484375,117.34709320068359,383616,91.59535452322739,29.206450271606446,33.03969192504883,119.0314399719238,691.4573139511049
fdjyp3,FDJYP-3-rectified_images,202506281616-0043,True,kept,1280,720,234,1052,126,638,728,0.6043294072151184,2.9878798007965095,good,113.76578593626618,36.94365918636322,100.0,100.0,15.289267539978027,16.546060848236085,76.66236877441406,83.01140518188477,97.93836975097656,100.0,100.0,14.874399185180664,15.418608903884888,76.58551788330078,82.89233741760253,83.98902893066406,4.014634497582111,0.2550697326660156,35.34512948989868,11.549463248777506,0.9084074035853303,3.9401244666737054,13.68166450183374,48.60869689792176,22.018738539119802,14.946420385085574,418816,100.0,4.087038274977384,9.855879431540341,45.07468673594132,16.716887606968214,10.99814715770171,418816,100.0,344184,82.1802414425428,26.55151704788208,28.21601963043213,133.1044464111328,344184,82.1802414425428,26.60759511947632,28.202223777770996,140.41928619384765,649.5454129762948
fdjyp3,FDJYP-3-rectified_images,202506281616-0044,True,kept,1280,720,234,1052,126,638,722,0.5086263418197632,5.519411754608151,good,115.2683780528605,35.914868116378784,100.0,100.0,17.437480926513672,49.576281166076654,74.1175537109375,111.34956092834472,122.30802154541016,100.0,100.0,15.988558769226074,44.49868812561035,74.12638854980469,111.29947319030758,124.50782775878906,0.35863234943648786,0.18048858642578125,0.763127326965332,0.9947088936430318,0.9916076712624451,1.8836918512728147,7.020744193154034,36.97829118276283,14.627425886308068,7.694787209657701,418816,100.0,1.8918169204095574,7.032205073349633,38.62507640586797,15.018528422982886,8.041478835574573,418816,100.0,409985,97.8914368123472,19.801274719238283,29.710655212402344,36.98497528076172,409985,97.8914368123472,19.81222427368164,29.694488525390625,37.26046203613279,720.6220980733633
fdjyp3,FDJYP-3-rectified_images,202506281617-0045,True,kept,1280,720,234,1052,126,638,713,0.4108615517616272,3.328700160980235,good,115.18640397116542,35.7519700191915,100.0,100.0,18.720142364501953,43.11140651702881,78.90541076660156,88.33412895202636,89.94344329833984,100.0,100.0,16.999786376953125,22.706047344207764,79.03202819824219,88.001309967041,89.40375518798828,0.5234488371741437,0.17533111572265625,0.8539867401123047,1.50591190403423,0.9649441880431143,2.036860363184495,6.836176268337408,49.37251680929096,19.33760887836186,8.698808068459659,418816,100.0,2.2158045579467545,6.43265777811736,48.45278117359413,18.15140777811736,8.218883710268948,418816,100.0,412903,98.58816282090464,24.984264030456544,27.93199348449707,40.92151924133299,412904,98.58840158924205,25.076096324920655,27.889211654663086,41.798406181335345,665.2373848482966
fdjyp3,FDJYP-3-rectified_images,202506281617-0046,True,kept,1280,720,234,1052,126,638,667,0.7329643964767456,2.8362630844116183,good,115.08206697180867,35.59440700337291,100.0,100.0,13.024909019470215,25.53344945907593,90.4792251586914,100.77903327941894,116.97355651855469,100.0,100.0,12.815786361694336,23.401556110382078,90.41340637207031,100.19648742675781,101.73191833496094,0.46421614659763416,0.2057037353515625,0.9973011016845703,0.9705932915647922,0.9815137827090883,2.07605313472131,3.8343807304400976,48.92697509168704,18.3221271393643,8.730803025672373,418816,100.0,2.160321721579415,3.165351849022005,52.86307113386308,17.425552032396087,6.627253973105135,418816,100.0,403637,96.37573540647921,21.8922998046875,24.32178497314453,30.750787811279302,403637,96.37573540647921,22.02211196899414,24.33348846435547,34.12705993652347,750.7055089809
fdjyp3,FDJYP-3-rectified_images,202506281617-0047,True,kept,1280,720,234,1052,126,638,945,0.4013671875,1.6597655773162845,good,115.15075573697686,35.471956711262465,100.0,100.0,10.020514488220215,12.293638372421265,81.08406066894531,91.62818336486816,122.88990020751953,100.0,100.0,9.86694622039795,11.994100570678711,81.05534362792969,89.69470863342285,93.21632385253906,1.45494476234891,0.23325347900390625,9.746477603912354,6.335717833129584,0.9655146600534826,3.629090869717282,10.536607961491443,54.97521584657702,22.712121790953546,13.31109604217604,418816,100.0,3.222209961952819,8.298871103300733,52.29313111246944,18.22232197432763,10.375916870415649,418816,100.0,352903,84.26206257640587,24.12056224822998,26.898651123046875,33.12035194396972,352903,84.26206257640587,24.509130554199217,26.897493362426758,36.3855833435058,656.9853741675615
fdjyp3,FDJYP-3-rectified_images,202506281617-0048,True,kept,1280,720,234,1052,126,638,976,1.1675618886947632,4.648674726486206,warning,114.80909213423729,35.711048636585474,100.0,100.0,10.365915298461914,11.069763326644898,66.0319595336914,78.84077758789059,92.62400817871094,100.0,100.0,7.302407264709473,10.669239044189453,65.98234558105469,79.0252456665039,83.52079010009766,0.40065639367450057,0.2005290985107422,0.8938350677490234,1.245176879584352,0.9973011451482454,2.2240636316959206,7.738720583740831,34.35088439792176,12.91044277200489,8.0278690403423,418816,100.0,2.3220563324300394,8.03598716381418,39.87574495721272,13.144913279339853,8.3955722799511,418816,100.0,357747,85.41865640281173,27.888556900024415,32.83511734008789,50.67142433166504,357747,85.41865640281173,27.825173797607423,32.86216354370117,50.51371101379394,674.8738996684551
fdjyp3,FDJYP-3-rectified_images,202506281618-0049,True,kept,1280,720,234,1052,126,638,1054,0.822998046875,2.8761121511459358,good,113.48834168165922,36.89550794661045,100.0,100.0,22.309173583984375,22.753597354888917,27.577800750732422,35.42885150909424,36.36629867553711,100.0,100.0,21.844722747802734,22.775807762145995,27.404802322387695,35.54878540039063,36.53907012939453,0.1778035755599405,0.12253189086914062,0.4806680679321289,0.010028270171149144,0.997074038914656,0.535059187324458,2.8408656784841075,6.814925886308068,3.310761766503668,2.8408656784841075,418816,100.0,0.5861634502283009,2.6973659077017116,7.7879068612469435,3.366872325794621,2.6973659077017116,418816,100.0,418762,99.98710650977995,62.29709285736084,80.03632354736328,96.93532669067383,418762,99.98710650977995,62.08960391998291,80.53633499145508,96.86948020935058,715.576727874577
fdjyp3,FDJYP-3-rectified_images,202506281618-0050,True,kept,1280,720,234,1052,126,638,1084,0.7149794101715088,4.127495622634888,good,113.78186009824276,36.36084496974945,100.0,100.0,11.145298957824707,25.88324680328369,35.80574417114258,40.251101875305174,40.49449157714844,100.0,100.0,16.337207794189453,25.918604183197022,35.8018798828125,40.174180030822754,40.58774948120117,0.20585837133210563,0.1264810562133789,0.5074357986450195,0.5128743887530562,0.9947060956728325,0.9563218065489694,3.9692848410757944,29.661713019559905,5.033475320904646,3.9692848410757944,418816,100.0,0.9265445624694483,3.74627521393643,27.88288890586797,4.5769502597799505,3.74627521393643,418816,100.0,418753,99.98495759474328,54.83200454711914,61.6390495300293,85.2138461303711,418753,99.98495759474328,54.93875717163086,61.64741897583008,85.13074951171875,694.2901900038123
fdjyp3,FDJYP-3-rectified_images,202506281618-0051,True,kept,1280,720,234,1052,126,638,1030,0.7180582284927368,3.7533285140991217,good,114.87870709970593,35.716630052775145,100.0,100.0,25.083646774291992,25.6481463432312,29.808841705322266,35.27358150482178,37.74675750732422,100.0,100.0,25.087465286254883,25.479120349884035,29.77617073059082,35.526979637146,37.07650375366211,0.1394814555931718,0.10990524291992188,0.3735213279724121,0.0,0.9970869264786894,0.29425673917719236,0.17644980134474328,1.5376680929095354,0.4011308068459658,0.17644980134474328,418816,100.0,0.3308245053920157,0.15543818765281173,1.3593081448655258,0.3445427108801956,0.15543818765281173,418816,100.0,418769,99.98877788814181,62.570528717041014,74.03907012939453,86.04935455322266,418769,99.98877788814181,62.12356246948242,74.12094116210938,86.61980621337891,657.0058492943645
fdjyp3,FDJYP-3-rectified_images,202506281618-0052,True,kept,1280,720,234,1052,126,638,1199,0.5713433027267456,3.2865912914276127,good,114.59085810929537,35.58723581954837,100.0,100.0,18.06129264831543,18.479256343841552,29.293455123901367,36.34528579711914,75.86198425292969,100.0,100.0,17.173564910888672,17.796942043304444,29.240650177001953,36.57958221435547,38.0954475402832,0.461870953622832,0.12234878540039062,3.339787006378174,5.394731815403423,0.9445953156591625,1.1644204400051703,10.558574648533007,16.778012301344745,12.26767840770171,10.558574648533007,418816,100.0,0.8567350161623911,4.79518452017115,16.808574648533007,10.482168780562347,4.79518452017115,418816,100.0,372121,88.85071248471883,60.50929718017578,74.54064178466797,85.76416931152343,372121,88.85071248471883,60.18139419555664,74.7094497680664,86.91966247558594,661.5012320689857
fdjyp3,FDJYP-3-rectified_images,202506281619-0053,True,excluded,1280,720,234,1052,126,638,657,0.7302517294883728,2.975629329681394,good,115.97734224051237,37.8962978720665,100.0,100.0,24.704879760742188,26.941898155212403,111.99543762207031,126.70421562194824,147.12319946289062,100.0,100.0,46.219539642333984,61.53146209716797,118.35658264160156,144.19228820800782,151.9669189453125,10.935816477164444,0.5333709716796875,100.99405765533447,23.0239532396088,0.2872372750905136,13.838708478602191,42.70395591381418,86.43246676344744,70.3700431693154,62.76073502444988,418816,100.0,3.375713259428011,20.86739761613692,71.01853797371638,54.209963325183374,43.07022654339853,418816,100.0,409946,97.88212484718827,17.4200740814209,19.705188751220703,81.93077392578124,409946,97.88212484718827,15.301643323898315,18.612576484680176,34.85665588378901,733.6759581230581
fdjyp3,FDJYP-3-rectified_images,202506281619-0054,True,kept,1280,720,234,1052,126,638,919,0.6892361044883728,2.4816841125488294,good,113.92807587981224,34.849227871745825,100.0,100.0,47.04075241088867,53.54340305328369,90.3872299194336,117.8781997680664,125.70452880859375,100.0,100.0,46.69253921508789,53.46751384735107,90.43753051757812,117.74213790893553,124.15608215332031,0.2764780991380547,0.18281173706054688,0.7826900482177734,0.38274564486552565,0.9995137361995816,2.476376432752405,6.3471787133251825,90.14244919009779,61.441301191931544,18.47111858190709,418816,100.0,2.406641709921121,4.563818001222494,89.94952437347187,59.50942657396088,16.26370530256724,418816,100.0,413236,98.6676726772616,18.71815891265869,24.4683198928833,41.254500961303734,413236,98.6676726772616,18.73788900375366,24.46945285797119,41.3158281326294,742.9151451215148
fdjyp3,FDJYP-3-rectified_images,202506281620-0055,True,kept,1280,720,234,1052,126,638,1058,0.6598985195159912,2.2305826663970967,good,114.44194382056594,35.99134599789977,100.0,100.0,29.960777282714844,33.78559036254883,68.80864715576172,76.43517951965332,77.31221008300781,100.0,100.0,30.145837783813477,33.972819328308105,68.67393493652344,76.3895107269287,76.97750854492188,0.27949101314823027,0.1835784912109375,0.69415283203125,0.5147845354523227,0.9981561418527667,2.041986295834985,17.509120950489,47.71021164425428,25.716782548899758,18.72540686124694,418816,100.0,1.992648256632948,17.365143643031786,44.977746790953546,25.149707747555013,18.675504278728607,418816,100.0,407985,97.41390013753056,28.8692529296875,31.998931884765625,65.41424713134764,407985,97.41390013753056,28.888524017333985,32.072669982910156,65.07013244628904,700.5884014070034
fdjyp3,FDJYP-3-rectified_images,202506281620-0056,True,kept,1280,720,234,1052,126,638,820,1.2564833164215088,6.885291719436655,warning,113.83839603513479,36.56665701419115,100.0,100.0,27.75543212890625,30.23575258255005,57.91007995605469,101.62769546508788,106.73902893066406,100.0,100.0,23.286705017089844,27.069350910186767,57.949913024902344,101.8043197631836,108.64735412597656,0.44567670275555116,0.162200927734375,2.64666748046875,4.406230898533008,0.9983302909713561,3.102129116444336,10.89786445599022,88.93117741442543,32.72367817848411,13.968664043398531,418816,100.0,2.9154683784746807,11.350091687041566,86.60652888141809,33.13483725550122,14.700966534229828,418816,100.0,392912,93.81494498777506,21.661005725860594,36.81708526611328,71.82077087402345,392912,93.81494498777506,21.623178272247316,36.7880859375,71.31524246215821,752.4947240017354
fdjyp3,FDJYP-3-rectified_images,202506281620-0057,True,kept,1280,720,234,1052,126,638,898,0.6945258378982544,3.579372787475598,good,113.35932137444615,36.36652370914817,100.0,100.0,26.571367263793945,29.84581651687622,47.27032470703125,79.19948654174804,85.06608581542969,100.0,100.0,26.46742820739746,27.75993881225586,47.22454071044922,79.31061782836913,84.30537414550781,0.4225220589245007,0.1432018280029297,2.223025321960449,3.690403422982885,0.9972804822910861,2.4334879802508067,17.130434367359413,88.45173059290954,60.44778613997555,24.837876298899754,418816,100.0,2.3683512815772976,15.771126222493887,91.04833626222494,62.018165495110026,23.653346577017114,418816,100.0,386898,92.37899220660147,27.8339497756958,44.96053504943848,73.5373183441162,386898,92.37899220660147,27.796431064605713,44.96542930603027,73.27706184387206,681.9993644021451
fdjyp3,FDJYP-3-rectified_images,202506281620-0058,True,kept,1280,720,234,1052,126,638,926,0.6815727949142456,5.980631589889526,good,114.85529504716396,35.86199879646301,100.0,100.0,26.88512420654297,27.60061082839966,44.763038635253906,57.53923168182373,57.87925720214844,100.0,100.0,26.046794891357422,27.962891483306883,44.73014450073242,57.421248245239255,58.02418899536133,0.19186376394535481,0.1271209716796875,0.5018892288208008,0.1807476314180929,0.99868324041181,1.4602094357491706,3.8198158618581903,48.86728300733496,7.624111781784841,3.8198158618581903,418816,100.0,1.5176436400182163,3.7274125152811735,51.89438798899756,10.484078927261614,3.7274125152811735,418816,100.0,401668,95.90560055012224,38.34684150695801,48.92746162414551,72.5740544128418,401668,95.90560055012224,38.425486373901364,48.95696830749512,72.6688557434082,690.3639240190387
fdjyp3,FDJYP-3-rectified_images,202506281621-0059,True,kept,1280,720,234,1052,126,638,700,0.6982150673866272,5.012619495391846,good,115.1550067588687,36.287771072238684,100.0,100.0,20.55922508239746,21.669481563568116,38.8775634765625,64.3620136260986,69.71674346923828,100.0,100.0,18.692209243774414,19.677131843566894,38.86260986328125,64.36990356445311,69.5076675415039,0.5902162887939323,0.15869140625,2.8413338661193848,4.588172371638142,0.9918251696632223,1.936924268767092,9.415113080684597,68.0575718215159,47.430613921149146,9.671550275061126,418816,100.0,2.0063252184940796,10.874465158924206,72.28424893031786,47.47789005195599,11.16838898227384,418816,100.0,337778,80.65069147310513,34.09680389404297,50.73000907897949,85.36815345764158,337778,80.65069147310513,34.08687110900879,50.831886291503906,85.31745773315427,650.5211917683482
fdjyp3,FDJYP-3-rectified_images,202506281621-0060,True,kept,1280,720,234,1052,126,638,788,0.5858561396598816,5.781445407867436,good,115.55935023352504,35.87222192436457,100.0,100.0,21.33510971069336,21.79970827102661,36.9439697265625,65.74355506896971,69.64826202392578,100.0,100.0,19.484912872314453,20.99896306991577,37.098838806152344,65.69619102478028,69.66650390625,0.4203189911234277,0.1769561767578125,2.3461408615112305,2.007802949266504,0.9984089404417773,2.063880769526791,16.007745644865526,80.63421645782395,55.56497363997555,16.774669544621027,418816,100.0,2.018195423764384,15.479828850855744,75.63989914425427,52.995826329462105,17.370635314792178,418816,100.0,342212,81.7093902811736,33.50140590667725,54.35604286193848,86.27361679077148,342212,81.7093902811736,33.49302593231201,54.32120132446289,86.41877754211427,703.6599186249077
fdjyp3,FDJYP-3-rectified_images,202506281621-0061,True,kept,1280,720,234,1052,126,638,919,1.7364366054534912,5.189062500000001,warning,116.2671772763133,37.07545390352607,100.0,100.0,20.586742401123047,23.29371452331543,51.900604248046875,73.49203643798828,77.34956359863281,100.0,100.0,20.049938201904297,22.446313858032227,51.99402618408203,73.4278018951416,77.52911376953125,0.33805497371407184,0.19739532470703125,1.0038161277770996,0.6465846577017115,0.9988223459331248,2.1608542107446413,22.064104523227385,65.9755119193154,39.29673173899755,23.91575297982885,418816,100.0,2.146464903126209,23.177003743887532,67.10918398533008,39.15538088325184,24.394961033007334,418816,100.0,359167,85.75770744193154,29.963107147216796,38.36714172363281,86.39274169921877,359167,85.75770744193154,29.987885513305663,38.30530548095703,86.92143356323243,660.475913900882
fdjyp3,FDJYP-3-rectified_images,202506281621-0062,True,kept,1280,720,234,1052,126,638,1068,0.6951225996017456,4.52598762512207,good,114.56119595095515,36.95999272167683,100.0,100.0,13.77542495727539,14.185931873321532,31.761554718017578,39.50623760223389,44.52007293701172,100.0,100.0,12.357880592346191,13.969722604751587,31.72321128845215,39.80305423736572,44.891265869140625,0.2172571215710277,0.1265544891357422,0.42209625244140625,0.4737163814180929,0.9740613831653593,0.704775555822133,3.97979064792176,6.8003610177261615,4.502454538508557,3.97979064792176,418816,100.0,0.7909058294552754,4.298785146699267,6.249761231662592,4.960173441320293,4.298785146699267,418816,100.0,402916,96.20358343520783,55.765723419189456,69.3353271484375,83.74361457824705,402916,96.20358343520783,55.36977691650391,69.39447402954102,86.65758781433078,686.796251218766
fdjyp3,FDJYP-3-rectified_images,202506281621-0063,True,kept,1280,720,234,1052,126,638,1181,0.5056423544883728,2.6100261211395264,good,112.78703482821584,37.054800894111395,100.0,100.0,15.725918769836426,16.9441180229187,45.77703094482422,54.9583978652954,60.53364562988281,100.0,100.0,13.924707412719727,16.382628154754638,45.731956481933594,55.08735160827636,61.03325653076172,0.32924473072085664,0.1357440948486328,0.63763427734375,1.1950355287286063,0.982531879113109,1.1602338516611086,4.179162209657702,9.225292252444987,5.353186124694377,4.179162209657702,418816,100.0,1.2870026312490657,4.493858878361858,9.1940136002445,5.2782128667481665,4.493858878361858,418816,100.0,380014,90.73531097188264,39.97794528961182,48.06184005737305,62.98729415893554,380014,90.73531097188264,39.890624046325684,48.080806732177734,63.64890979766844,715.4935137368739
fdjyp3,FDJYP-3-rectified_images,202506281622-0064,True,kept,1280,720,234,1052,126,638,1230,0.6475015878677368,6.058865070343019,good,115.65496865659952,35.54933285340667,100.0,100.0,13.96561050415039,15.281117963790894,42.57606506347656,48.74258804321289,50.255836486816406,100.0,100.0,14.343706130981445,15.841205024719239,42.491546630859375,48.41242885589599,50.32765197753906,0.29623108092595285,0.1316375732421875,0.5637950897216797,0.6303484107579462,0.9614844543044706,0.7679228458489794,2.4822356356968216,5.615114990831295,3.2150156632029336,2.4822356356968216,418816,100.0,0.8976375275589799,3.0679343673594133,5.923842451100245,3.396002062958435,3.0679343673594133,418816,100.0,401438,95.85068383251834,45.258810119628905,51.76067924499512,54.94735366821289,401438,95.85068383251834,45.564889945983886,51.870012283325195,55.12638900756836,681.2594132497907
fdjyp3,FDJYP-3-rectified_images,202506281622-0065,True,kept,1280,720,234,1052,126,638,856,0.9807807207107544,4.74876594543457,good,116.09386000782251,35.76252516359091,100.0,100.0,34.20695495605469,34.74504470825195,36.04121398925781,66.19873580932617,68.6805191040039,100.0,100.0,33.87321090698242,34.51709251403808,36.09544372558594,66.36273193359374,68.60649871826172,0.17713689992618736,0.13384437561035156,0.43192386627197266,0.18910452322738386,0.9993067332928214,0.30096616521295533,0.5868925733496333,3.119985864914425,0.6621045996332519,0.6016962102689487,418816,100.0,0.31399480134139435,0.3665093979217604,3.2942867512224936,0.5985922218826406,0.38298441320293397,418816,100.0,418558,99.93839776894865,33.336979446411135,61.23405838012695,63.52017486572266,418558,99.93839776894865,33.25889297485352,61.143157958984375,63.93707279205322,738.4701063856483
fdjyp3,FDJYP-3-rectified_images,202506281622-0066,True,kept,1280,720,234,1052,126,638,913,0.4767795205116272,2.940842103958134,good,117.72609828040004,38.26289298012853,100.0,100.0,31.906410217285156,32.42299060821533,35.13818359375,61.02368431091308,64.09523010253906,100.0,100.0,32.01719284057617,32.445275497436526,35.11143112182617,60.99217433929442,64.44003295898438,0.22012674364017681,0.12564849853515625,0.5125865936279297,0.6387053025672371,0.9972765798663489,1.2317636379184234,8.639832289119804,23.537305165036678,13.796034535452323,8.820818688875304,418816,100.0,1.2680538481051298,7.728692313569682,23.09056960574572,13.399201558679707,7.911111323349633,418816,100.0,418333,99.88467489303179,36.1687451171875,62.80707931518555,68.0453887939453,418333,99.88467489303179,36.18468978881836,62.858306884765625,68.00855651855468,692.6315580494702
fdjyp3,FDJYP-3-rectified_images,202506281622-0067,True,kept,1280,720,234,1052,126,638,967,0.5631781816482544,3.4783501148223874,good,115.49310432747006,35.89040320366621,100.0,100.0,24.7474365234375,26.27846488952637,45.40913772583008,63.637160301208496,111.5579605102539,100.0,100.0,24.767780303955078,25.94832124710083,45.40370178222656,63.51243362426757,109.87715911865234,0.22799529187144452,0.135650634765625,0.477630615234375,0.6298708740831296,0.9944115550133915,0.8654794129691016,3.6710631876528113,10.483362622249388,4.2524640892420535,3.6717794926650367,418816,100.0,0.9657377728322535,4.314305088630807,11.261986170537899,5.020820599022005,4.318364150366748,418816,100.0,418796,99.99522463325184,34.68282051086426,48.60301399230957,83.8955307006836,418796,99.99522463325184,34.75077781677246,48.609615325927734,84.94171981811522,692.3509729094803
fdjyp3,FDJYP-3-rectified_images,202506281622-0068,True,kept,1280,720,234,1052,126,638,925,0.4813910722732544,2.0750651359558105,good,115.7059739343822,36.067189648747444,100.0,100.0,28.355199813842773,40.53335762023926,44.23670959472656,47.74719181060791,48.371315002441406,100.0,100.0,28.87752914428711,40.45418357849121,44.23526382446289,47.985965919494625,48.673946380615234,0.17177527794537015,0.11403274536132812,0.4224672317504883,0.27649373471882643,0.9659867892344337,0.1797476363047265,0.18958205990220048,0.656135391198044,0.2115487469437653,0.18958205990220048,418816,100.0,0.2139240201872325,0.2571534993887531,0.7891293551344744,0.4094876986552567,0.2571534993887531,418816,100.0,417504,99.6867359413203,46.2253039932251,49.88829231262207,54.33576148986816,417505,99.6869747096577,45.99681991577148,49.887451171875,54.44936050415039,658.2178962416947
fdjyp3,FDJYP-3-rectified_images,202506281623-0069,True,kept,1280,720,234,1052,126,638,648,0.60888671875,4.954877567291265,good,114.51752716675401,37.22781268879771,100.0,100.0,38.49081039428711,38.743180465698245,40.53376770019531,52.11433448791503,54.66913604736328,100.0,100.0,37.91630172729492,38.750180625915526,40.446998596191406,51.976659011840816,56.14219665527344,0.1530699249548259,0.12701034545898438,0.3821115493774414,0.0,0.9977121002413567,0.19804829929233472,0.0,1.020018337408313,0.00644674511002445,0.0,418816,100.0,0.25972487781114856,0.0,2.269254278728606,0.029368505501222494,0.0,418816,100.0,418815,99.99976123166259,42.349243545532225,54.44914245605469,56.96425521850586,418815,99.99976123166259,42.461774063110354,54.566017150878906,56.953515243530276,666.4725532755256
fdjyp3,FDJYP-3-rectified_images,202506281623-0070,True,kept,1280,720,234,1052,126,638,631,0.5533311367034912,6.4853515625,good,115.38426298648119,35.75628204271197,100.0,100.0,33.98773193359375,34.629334449768066,38.009727478027344,47.40663681030273,48.84735870361328,100.0,100.0,33.059715270996094,34.542170715332034,37.93573760986328,47.456081390380845,87.12688446044922,0.16046207575787833,0.11168289184570312,0.3992128372192383,0.06637759779951101,0.9659677447582276,0.23442773076461987,0.5771030715158925,1.817982121026895,0.7320637224938875,0.5771030715158925,418816,100.0,0.2816851582186875,0.5121580837408313,3.4103281632029336,0.6716553331295844,0.5121580837408313,418816,100.0,418408,99.90258251833741,46.557454910278324,58.06338691711426,63.733904151916505,418408,99.90258251833741,46.50900074005127,58.17669868469238,63.88950702667236,655.9402337297797
fdjyp3,FDJYP-3-rectified_images,202506281623-0071,True,kept,1280,720,234,1052,126,638,579,0.5540635585784912,4.207117843627933,good,115.36670988425612,35.85566207766533,100.0,100.0,32.513153076171875,32.976866722106934,37.887794494628906,45.381432914733885,106.73063659667969,100.0,100.0,31.763973236083984,32.94820327758789,37.812225341796875,45.540130043029784,66.26121520996094,0.19819167445352287,0.13426589965820312,0.5594873428344727,0.12057801039119805,0.9829646078619362,0.40506719447635936,3.075574954156479,4.9771259932762835,3.342279187041565,3.075574954156479,418816,100.0,0.4702785950618589,3.0665017573349633,7.686191549511003,3.8229198502444985,3.0665017573349633,418816,100.0,416759,99.5088535299511,48.62944763183594,58.246456146240234,66.79038177490234,416758,99.50861476161369,48.45606727600098,58.36004638671875,66.93630264282227,668.4267986565828
fdjyp3,FDJYP-3-rectified_images,202506281623-0072,True,kept,1280,720,234,1052,126,638,642,0.5604112148284912,4.482164335250854,good,114.72041765227914,35.825615748763084,100.0,100.0,37.45425796508789,38.285227394104005,44.76416778564453,49.31077537536621,51.08784866333008,100.0,100.0,37.01399230957031,38.30087547302246,44.75992965698242,49.039542198181145,50.83990478515625,0.14067634696045248,0.08715057373046875,0.3998537063598633,0.22706868887530565,0.9929484914058895,0.39322628467947174,1.9366499847188263,2.555776283618582,1.9884627139364304,1.9366499847188263,418816,100.0,0.41931944445212777,1.71817695599022,3.118075718215159,1.950976084963325,1.71817695599022,418816,100.0,411798,98.32432380806846,44.7471061706543,49.26480293273926,57.336470146179195,411799,98.32456257640587,44.981944732666015,49.26475524902344,57.15269119262695,645.7116561941803
fdjyp3,FDJYP-3-rectified_images,202506281624-0073,True,kept,1280,720,234,1052,126,638,694,1.5745713710784912,5.914311885833745,warning,114.22548303380609,35.73359688743949,100.0,100.0,29.887481689453125,31.478536796569824,36.5378303527832,43.98570346832274,45.99384689331055,100.0,100.0,30.73981285095215,31.705748558044434,36.50825500488281,44.1891653060913,47.055763244628906,0.2099583973666348,0.13364791870117188,0.6148643493652344,0.1310838172371638,0.9903100473489828,0.9251367177012716,4.667204691320293,6.601466992665037,5.243352689486552,4.667204691320293,418816,100.0,0.9814535612399828,4.209963325183374,8.597570293398533,5.1982254737163816,4.209963325183374,418816,100.0,414639,99.00266465464547,50.162967681884766,60.36785888671875,69.48257827758789,414638,99.00242588630806,49.93700019836426,60.424333572387695,69.40293663024903,636.2178390845656
luowen,luowen_rectified_images,656565-0001,False,kept,1280,720,234,1052,126,638,68,4.6427001953125,56.490560150146514,warning,115.371473133564,35.63036397099495,100.0,100.0,23.75493621826172,63.66173973083496,125.14329528808594,133.41082687377929,135.5297088623047,100.0,100.0,61.01544189453125,70.85407371520996,96.67289733886719,134.89560241699218,158.93495178222656,25.892789075406117,25.820972442626953,47.384904861450195,95.51425924511003,0.06289997234647073,,,,,,,,,,,,,,,414100,98.8739685207824,16.24495502471924,17.30716323852539,34.029662513732916,414100,98.8739685207824,16.717813835144042,22.43303108215332,30.527390270233155,993.289337027818
luowen,luowen_rectified_images,656565-0002,False,kept,1280,720,234,1052,126,638,109,8.77614974975586,106.09848327636719,high_risk,114.91010384634137,35.658215172588825,100.0,100.0,14.452916145324707,26.141928291320802,68.11505889892578,124.6100601196289,128.19422912597656,100.0,100.0,67.310791015625,71.19452209472657,171.60134887695312,187.99022979736327,187.99986267089844,78.8250005579483,100.45224380493164,141.80761814117432,94.14850435513448,-0.2273296367082027,,,,,,,,,,,,,,,354781,84.71046951405869,17.37745056152344,32.936763763427734,84.14078521728518,354782,84.71070828239608,11.516757011413574,12.486142635345459,15.901113328933716,878.9383498951793
luowen,luowen_rectified_images,656565-0003,False,kept,1280,720,234,1052,126,638,132,1.8027887344360352,31.61160011291504,warning,116.05765391141176,36.07444558292627,100.0,100.0,34.33296203613281,51.67869853973389,90.27084350585938,109.54378814697266,109.87411499023438,100.0,100.0,48.814117431640625,51.82940731048584,90.78038024902344,109.45102348327637,109.81010437011719,1.3293575798241026,0.3804512023925781,3.843836784362793,6.319959122860635,0.9716854691619173,,,,,,,,,,,,,,,254073,60.664587790342296,19.747776107788084,22.766769409179688,34.10275543212884,254074,60.66482655867971,19.771459426879883,22.694429397583008,26.646425762176513,808.795269113034
luowen,luowen_rectified_images,656565-0004,False,kept,1280,720,234,1052,126,638,172,3.860405921936035,23.062412834167482,warning,115.2881127782166,36.36410692706704,100.0,99.99952246332519,-0.06357737630605698,2.032184863090515,100.35191345214844,123.42133598327636,131.28395080566406,100.0,100.0,51.70378112792969,52.6083267211914,100.56729125976562,134.10286712646476,140.92282104492188,7.912846603986377,1.250518798828125,54.025126338005066,36.261031097188265,0.8164442176684077,,,,,,,,,,,,,,,400978,95.74085039731052,17.54236530303955,21.423233032226562,84.13533843994112,414068,98.86632793398533,16.149008388519288,21.49289894104004,41.156823234558104,796.4407401159406
luowen,luowen_rectified_images,656565-0005,False,kept,1280,720,234,1052,126,638,175,2.0294597148895264,7.846364974975584,warning,114.67035580426455,36.65896086022258,100.0,100.0,1.134267807006836,4.542771935462952,117.24360656738281,127.31919059753417,150.79994201660156,100.0,100.0,56.776004791259766,57.48245677947998,116.49638366699219,143.40678176879882,147.78424072265625,5.215612332745624,1.4066333770751953,23.09101676940918,26.790762530562347,0.9000134194654967,,,,,,,,,,,,,,,407906,97.3950374388753,17.006468105316163,18.39258575439453,69.94096755981452,414882,99.06068536063569,15.098751497268676,18.556591987609863,37.66704540252685,886.1393709667027
luowen,luowen_rectified_images,656565-0006,False,kept,1280,720,234,1052,126,638,95,0.9659287929534912,36.45195388793947,good,114.43186830729246,35.79921228811145,100.0,100.0,1.905040979385376,40.66067943572998,59.037452697753906,73.55079536437988,115.31414031982422,100.0,100.0,39.0567512512207,40.1242862701416,58.56917190551758,73.23956069946288,73.80250549316406,0.6820212318778293,0.328155517578125,1.8097038269042969,2.495606662591687,0.9849909661527938,,,,,,,,,,,,,,,418229,99.85984298594131,29.437356338500976,36.826087951660156,53.228564453124996,418269,99.86939371943765,29.562439804077147,37.02907943725586,53.95430847167969,745.2419898472726
luowen,luowen_rectified_images,656565-0007,False,kept,1280,720,234,1052,126,638,188,2.6426596641540527,29.7092176437378,warning,114.73969602957368,36.2363588064909,100.0,100.0,57.08595275878906,62.90857276916504,68.79248046875,116.20304527282713,118.48706817626953,100.0,100.0,61.85325622558594,62.60932846069336,68.70361328125,109.34752044677734,110.77141571044922,0.7909308756020803,0.3249626159667969,2.9309864044189453,4.850817542787286,0.9943721104028567,,,,,,,,,,,,,,,369528,88.23158618581907,18.63577880859375,31.667423248291016,34.43127998352051,369528,88.23158618581907,19.79784996032715,31.7160587310791,34.592805519104004,718.4610669501126
luowen,luowen_rectified_images,656565-0008,False,kept,1280,720,234,1052,126,638,198,1.820556640625,13.23477115631106,warning,114.42818213254213,35.98661907017231,100.0,100.0,22.037355422973633,63.96866416931152,92.16464233398438,114.20364303588867,114.90388488769531,100.0,100.0,63.22749328613281,63.775948715209964,92.18840026855469,113.88644027709961,115.07377624511719,1.0977334972052017,0.38928985595703125,2.3544158935546875,3.96427070599022,0.9641992692859194,,,,,,,,,,,,,,,351779,83.99368696515891,18.94959102630615,30.50454330444336,33.868865432739256,351779,83.99368696515891,19.001401519775392,30.291900634765625,33.966721801757814,742.729899007827
luowen,luowen_rectified_images,656565-0009,False,kept,1280,720,234,1052,126,638,166,2.442979574203491,10.408365726470947,warning,115.97914295271039,36.32857231423259,100.0,100.0,7.748561859130859,19.326118659973144,103.65228271484375,120.26098175048828,125.75667572021484,100.0,100.0,48.64280319213867,52.039673233032225,104.05360412597656,118.41964454650879,120.4677505493164,3.471458127982869,0.47960662841796875,23.958681106567383,17.19466305012225,0.893080463732331,,,,,,,,,,,,,,,395490,94.43048976161369,18.00986843109131,20.850040435791016,109.8808851623535,395967,94.54438225855746,18.281315422058107,20.761751174926758,41.64382453918456,791.4128229022026
luowen,luowen_rectified_images,656565-0010,False,kept,1280,720,234,1052,126,638,142,2.997368812561035,10.16925435066225,warning,114.92342269048095,35.59079533442855,100.0,100.0,25.010257720947266,33.15116100311279,85.85525512695312,95.66216239929199,102.87789916992188,100.0,100.0,41.33525466918945,43.046043395996094,86.09806823730469,93.04377174377441,94.11386108398438,2.6289606948171387,0.38231658935546875,5.378639221191406,10.457575641809292,0.8232441583515251,,,,,,,,,,,,,,,408343,97.49937920232273,22.65478370666504,25.21471405029297,63.319095611572294,408343,97.49937920232273,23.27468608856201,25.103830337524414,50.31032546997071,745.6747479736805
luowen,luowen_rectified_images,656565-0011,False,kept,1280,720,234,1052,126,638,165,3.5284831523895264,21.77925300598141,warning,114.88778004422784,35.6990247964859,100.0,100.0,15.446134567260742,19.39924545288086,94.68862915039062,126.62785644531249,133.8714599609375,100.0,100.0,18.059406280517578,18.89844274520874,120.75546264648438,186.24152908325195,187.98863220214844,30.537360406437465,2.101848602294922,107.26617527008057,48.09033083740831,0.11842920312986058,,,,,,,,,,,,,,,408435,97.52134588936431,17.112267303466798,22.664827346801758,111.35960845947265,408436,97.52158465770171,11.625832128524781,17.811301231384277,61.51804924011267,936.2656031735241
luowen,luowen_rectified_images,656565-0012,False,kept,1280,720,234,1052,126,638,209,2.662055015563965,6.706608009338383,warning,113.91043290495872,36.77189303562045,100.0,100.0,8.707113265991211,31.961898231506346,113.61341857910156,126.61712608337402,128.0146026611328,100.0,100.0,58.64397048950195,98.40621871948242,121.67045593261719,159.3535041809082,162.59841918945312,23.098375597096577,8.165817260742188,75.79336738586426,59.79642611552567,-0.39744456287464197,,,,,,,,,,,,,,,409621,97.80452513753056,17.097349548339842,19.050100326538086,70.39644012451144,409624,97.8052414425428,13.585390148162842,17.90286922454834,22.69802150726339,1065.9932191483676
luowen,luowen_rectified_images,656565-0013,False,kept,1280,720,234,1052,126,638,271,5.682888507843018,8.742011070251465,high_risk,114.1501753591001,37.15149499475956,100.0,100.0,8.751757621765137,28.0838604927063,116.43280029296875,127.20316505432129,142.02490234375,100.0,100.0,64.0099105834961,82.97894172668457,100.787841796875,125.05535888671875,129.0734100341797,15.462579884896542,7.53070068359375,47.46850299835205,69.5661101772616,0.6295033014963786,,,,,,,,,,,,,,,314068,74.98949419315404,17.045094203948974,20.588693618774414,77.48247665405282,314068,74.98949419315404,17.31412061691284,22.73684310913086,26.238191013336188,913.6336231604218
luowen,luowen_rectified_images,656565-0014,False,kept,1280,720,234,1052,126,638,192,1.3464897871017456,5.103786897659302,warning,115.30150193721056,36.48635186254978,100.0,100.0,1.6953941583633423,40.45338459014893,85.19593048095703,101.66747703552247,101.7808837890625,100.0,100.0,37.766929626464844,40.89109058380127,85.41212463378906,101.9122917175293,102.552978515625,1.142082708046093,0.2751045227050781,2.3933963775634766,3.9454080073349633,0.9470761143663206,,,,,,,,,,,,,,,356132,85.03304553789731,21.292420940399168,24.79698371887207,53.431298408508304,356311,85.07578507029339,21.23432025909424,24.679885864257812,53.22999229431156,1285.3262000717223
luowen,luowen_rectified_images,656565-0015,False,kept,1280,720,234,1052,126,638,225,2.8902995586395264,44.05229949951172,warning,116.89651617780328,36.34702693670988,100.0,100.0,52.320674896240234,53.518905830383304,61.373573303222656,84.4794147491455,87.53954315185547,100.0,100.0,51.758602142333984,53.80883903503418,61.26929473876953,84.45946960449218,86.57872772216797,0.5130099421936317,0.19206809997558594,1.6917924880981445,2.2998166259168706,0.9878800781475724,,,,,,,,,,,,,,,411339,98.21472914119805,25.63790946960449,35.33975601196289,40.43322486877441,411339,98.21472914119805,25.633663291931153,35.397884368896484,40.24569496154785,1331.5399382263422
luowen,luowen_rectified_images,656565-0016,False,kept,1280,720,234,1052,126,638,340,2.637803792953491,38.53717231750489,warning,114.46044687181711,35.70857364684343,100.0,100.0,16.292959213256836,16.75417642593384,101.19602966308594,121.11316757202148,123.20153045654297,100.0,100.0,38.379432678222656,39.80684547424316,106.76708984375,138.67048187255858,141.81948852539062,28.32373678059406,1.3900260925292969,118.99721813201904,38.68548479523227,-0.2172902599256129,,,,,,,,,,,,,,,393767,94.01909191625917,17.87821544647217,21.242748260498047,129.21234405517578,393768,94.01933068459658,15.611579380035401,20.119903564453125,45.64500591278077,792.093011084944
luowen,luowen_rectified_images,656565-0017,False,kept,1280,720,234,1052,126,638,151,2.1435546875,24.89561653137207,warning,115.50565017387271,35.99212318658829,100.0,100.0,51.972877502441406,53.11020355224609,73.12013244628906,103.22096290588377,104.80756378173828,100.0,100.0,42.7581901550293,52.86531066894531,72.90061950683594,103.44258499145508,104.79581451416016,1.0050696401804466,0.4542083740234375,3.2172632217407227,5.672180623471883,0.990473873490791,,,,,,,,,,,,,,,355747,84.9411197279951,20.957832527160644,31.930612564086914,40.83838722229004,355747,84.9411197279951,20.905279273986817,31.94027328491211,41.04703308105468,822.5790769793093
luowen,luowen_rectified_images,656565-0018,False,kept,1280,720,234,1052,126,638,205,4.781033039093018,179.19899291992158,warning,115.19727623090148,35.786718130111694,100.0,100.0,35.36463165283203,54.47932109832764,87.99960327148438,126.85271339416504,132.0413055419922,100.0,100.0,57.230159759521484,57.779252243041995,99.93415832519531,161.31296081542962,170.16160583496094,8.711486118720403,1.0632781982421875,43.833269119262695,37.67000305623472,0.8788153297098162,,,,,,,,,,,,,,,416447,99.4343578086797,17.07195602416992,24.638729095458984,39.30870132446289,416447,99.4343578086797,13.420809898376465,21.61372184753418,37.47139839172363,802.4487858638167
luowen,luowen_rectified_images,656565-0019,False,kept,1280,720,234,1052,126,638,104,4.56640625,309.6684600830079,warning,115.21100299432874,35.78079305589199,100.0,100.0,4.7555952072143555,43.345542144775386,79.3964614868164,131.03616104125976,133.7032470703125,100.0,100.0,121.7899398803711,122.71220207214355,150.29653930664062,173.52300567626952,177.52496337890625,58.64372905526392,66.87717819213867,89.85283470153809,94.52766847493888,0.25488990793675526,,,,,,,,,,,,,,,418728,99.97898838630806,16.566078853607177,27.247374534606934,49.41559707641593,418732,99.9799434596577,12.47759651184082,14.405227661132812,17.638481941223144,783.9967459440231
luowen,luowen_rectified_images,656565-0020,False,kept,1280,720,234,1052,126,638,47,3.9057888984680176,94.02061309814451,warning,115.38679897785187,37.925958167761564,100.0,100.0,14.924577713012695,23.291544532775877,90.31428527832031,127.00212173461914,132.15399169921875,100.0,100.0,51.71156692504883,52.66068878173828,131.30892944335938,172.78942489624023,177.43173217773438,32.58704612793715,14.697296142578125,120.57272243499756,70.02908198349633,-0.03023027910665942,,,,,,,,,,,,,,,415060,99.10318612469437,17.049663257598876,23.922292709350586,92.40577613830554,415060,99.10318612469437,12.527280569076538,16.40324878692627,41.08976379394531,849.93697097525
luowen,luowen_rectified_images,656565-0021,False,kept,1280,720,234,1052,126,638,159,3.7297091484069824,164.6587768554692,warning,114.76100794970989,35.514007322490215,100.0,100.0,29.729127883911133,43.87229976654053,106.44383239746094,126.47027740478515,130.87423706054688,100.0,100.0,86.666259765625,88.42436256408692,108.03633880615234,128.2609664916992,132.77194213867188,4.739046992132928,0.7357749938964844,47.98270320892334,14.372182533618583,0.3375905290463659,,,,,,,,,,,,,,,415094,99.11130424816625,17.12336078643799,20.347939491271973,48.69699844360354,415094,99.11130424816625,16.876676712036133,20.028377532958984,24.48720178604126,777.1318098530173
luowen,luowen_rectified_images,656565-0022,False,kept,1280,720,234,1052,126,638,103,3.835557699203491,71.99140319824218,warning,114.92240242660046,36.535919178277254,100.0,99.99665724327629,-5.558000564575195,15.713710975646972,107.25318908691406,126.95311889648437,129.95848083496094,100.0,100.0,33.86144256591797,105.51728668212891,124.02677154541016,142.22931365966795,144.73121643066406,37.396007593169955,7.299999237060547,119.15846872329712,60.98668627750611,-0.4804848301203555,,,,,,,,,,,,,,,415706,99.25743047066014,17.05599479675293,20.193367958068848,128.96584472656252,417509,99.68792978300733,15.222712211608886,17.4530029296875,20.51689483642578,1141.2053052335978
luowen,luowen_rectified_images,656565-0023,False,kept,1280,720,234,1052,126,638,135,2.101128578186035,39.81584167480473,warning,115.01160496845841,35.543049685657024,100.0,100.0,11.464726448059082,14.326871824264526,111.71723175048828,127.25319938659668,153.55714416503906,100.0,100.0,36.370582580566406,45.50454921722412,114.70340728759766,135.60508880615234,140.35035705566406,12.357248724643187,1.138875961303711,91.82303428649902,30.216849404034228,0.06923474140679169,,,,,,,,,,,,,,,418300,99.87679553789731,17.017999572753908,19.413829803466797,150.8591883850098,418300,99.87679553789731,15.966296052932739,18.873635292053223,46.67925853729254,966.0491598770022
luowen,luowen_rectified_images,656565-0024,False,kept,1280,720,234,1052,126,638,88,6.7446489334106445,10.11764965057373,high_risk,115.76914694160223,35.10549804195762,100.0,100.0,1.0837030410766602,15.508012294769287,73.96072387695312,124.78832321166992,127.48979187011719,100.0,100.0,61.14966583251953,64.7504753112793,135.12123107910156,156.4327293395996,158.36085510253906,55.85486725952065,35.18568420410156,128.36660623550415,77.48939868581907,-0.1545207199663003,,,,,,,,,,,,,,,351026,83.81389440709046,17.34468412399292,29.906444549560547,133.5655403137207,352127,84.07677834657702,13.829678535461426,15.83646297454834,29.56018981933592,866.5436608716846
luowen,luowen_rectified_images,656565-0025,False,kept,1280,720,234,1052,126,638,168,2.6256508827209473,8.39517135620118,warning,115.40276277810335,36.474088206887245,100.0,100.0,18.37204933166504,21.845435619354248,107.99119567871094,126.85989646911621,146.48260498046875,100.0,100.0,6.781106948852539,49.43533573150635,111.68739318847656,156.84688034057615,164.07040405273438,13.474767457221322,1.3248443603515625,91.1743049621582,37.17766274449878,0.29143027751654826,,,,,,,,,,,,,,,316689,75.61530600550122,17.052063751220704,19.697858810424805,103.04485321044919,316690,75.61554477383862,13.762429237365723,18.57550811767578,29.903657455444336,1094.632132910192
luowen,luowen_rectified_images,656565-0026,False,kept,1280,720,234,1052,126,638,153,2.0697429180145264,11.86701927185065,warning,116.13067612051964,36.36499401181936,100.0,100.0,50.05315399169922,51.037393951416014,88.09339904785156,104.20681991577148,104.7432632446289,100.0,100.0,46.865787506103516,50.39224376678467,88.571044921875,104.14299812316894,104.7439956665039,0.9205993012978279,0.4801063537597656,2.7910327911376953,4.212351008557457,0.9947354356570889,,,,,,,,,,,,,,,388106,92.66742435819071,20.771009635925292,24.23838233947754,42.41938514709473,388106,92.66742435819071,20.787288856506347,24.111835479736328,42.98213233947754,983.6236317642033
luowen,luowen_rectified_images,656565-0027,False,kept,1280,720,234,1052,126,638,118,4.9715986251831055,281.53998718261715,warning,115.51883211359382,36.49199800565839,100.0,100.0,33.798980712890625,36.727603912353516,106.36114501953125,127.12930068969726,130.52626037597656,100.0,100.0,80.86204528808594,84.55712852478027,120.18931579589844,155.8451187133789,159.9500274658203,21.765243725864842,1.2921104431152344,94.38263130187988,41.50796531173594,-0.06312943793491525,,,,,,,,,,,,,,,418212,99.85578392420538,17.03666446685791,20.38479709625244,58.870873603820804,418212,99.85578392420538,13.892674741744996,18.009522438049316,25.561084918975833,981.0086111538112
luowen,luowen_rectified_images,656565-0028,False,kept,1280,720,234,1052,126,638,198,1.2562663555145264,6.994601202011119,warning,115.28441868722439,35.79046204686165,100.0,100.0,9.084641456604004,46.49226627349854,82.75994110107422,96.10810890197753,118.16384887695312,100.0,100.0,43.84379577636719,46.47333202362061,83.3823013305664,95.38536682128907,96.43193054199219,1.8881255285859946,0.369781494140625,5.40145206451416,7.047725015281174,0.8934476941037982,,,,,,,,,,,,,,,316414,75.54964471271394,22.500992317199707,25.633913040161133,44.68287612915039,316415,75.54988348105135,22.660511665344238,25.537158966064453,44.75314651489257,890.1688638143241
luowen,luowen_rectified_images,656565-0029,False,kept,1280,720,234,1052,126,638,164,2.3118488788604736,36.65799751281753,warning,115.25715002790093,36.35692410171032,100.0,100.0,21.09874725341797,41.349077224731445,107.3489761352539,127.54204139709472,140.92213439941406,100.0,100.0,52.62806701660156,54.191123962402344,108.90193176269531,127.70579109191894,130.46873474121094,3.4289881759402876,0.6205673217773438,13.585052490234375,15.519941931540343,0.8513436995248908,,,,,,,,,,,,,,,317162,75.72824342909536,16.961759757995605,19.385234832763672,57.37328773498536,317163,75.72848219743277,16.926846504211426,19.281679153442383,27.208150024414067,1573.1542371213436
luowen,luowen_rectified_images,656565-0030,False,kept,1280,720,234,1052,126,638,139,2.6750760078430176,10.941786003112806,warning,115.48694828525186,36.48156812414527,100.0,100.0,23.45589256286621,47.28620300292969,72.67608642578125,127.15695533752441,131.88638305664062,100.0,100.0,55.85311508178711,59.502488708496095,74.90959167480469,99.6666664123535,100.65110778808594,4.896639770839573,0.6444549560546875,43.57125663757324,19.826367665036678,0.6166166563028442,,,,,,,,,,,,,,,399798,95.45910375916871,17.01370147705078,29.868359565734863,46.011862297058094,399799,95.45934252750611,21.723083419799806,28.976137161254883,36.33603706359863,1402.4454532191157
luowen,luowen_rectified_images,656565-0031,False,kept,1280,720,234,1052,126,638,155,1.48291015625,5.070754718780516,warning,115.54764723405242,35.89281113818288,100.0,100.0,58.33084487915039,60.22066249847412,86.97038269042969,107.65748291015625,113.2718505859375,100.0,100.0,58.50889587402344,60.310862159729005,87.28082275390625,107.41756553649903,113.40003967285156,0.9889954953638878,0.45404815673828125,3.496488571166992,6.335479064792176,0.9869574050350363,,,,,,,,,,,,,,,213797,51.04795423288508,20.31508773803711,23.61834144592285,30.57813629150391,213797,51.04795423288508,20.34175407409668,23.358461380004883,30.523591232299804,757.6892958022654
luowen,luowen_rectified_images,656565-0032,False,kept,1280,720,234,1052,126,638,373,3.1140408515930176,6.835581970214844,warning,114.79811090976,35.85991682484746,100.0,100.0,38.4586181640625,83.5435676574707,115.71560668945312,126.37906303405762,127.28271484375,100.0,100.0,82.5779037475586,83.79942512512207,111.94984436035156,154.80108642578122,169.15081787109375,4.436705446886331,1.0226821899414062,20.471118927001953,31.14064410146699,0.8207985912985789,,,,,,,,,,,,,,,293467,70.07062767420538,17.35741481781006,18.63184356689453,25.77473545074463,293467,70.07062767420538,16.63622714996338,19.30071258544922,25.743000679016113,781.3500519841909
luowen,luowen_rectified_images,656565-0033,False,kept,1280,720,234,1052,126,638,39,11.212404251098633,132.8722900390627,high_risk,115.35694310441613,35.43273685500026,100.0,100.0,20.587276458740234,31.55143299102783,122.97837829589844,129.85223312377929,133.4501495361328,100.0,100.0,89.66508483886719,114.89157905578614,142.17324829101562,174.52265243530272,187.91810607910156,37.14776787370407,32.42060089111328,95.97087860107422,78.93299205378973,0.2322569950648005,,,,,,,,,,,,,,,214066,51.11218291564792,16.681389808654785,18.092063903808594,70.64528770446778,214066,51.11218291564792,12.67622241973877,16.307747840881348,18.142435836791993,758.8417893275619
luowen,luowen_rectified_images,656565-0034,False,kept,1280,720,234,1052,126,638,843,1.6773275136947632,4.011740589141848,warning,115.26595707982779,35.64126789569855,100.0,100.0,12.410919189453125,33.333292198181155,84.7474136352539,96.22569503784179,99.0730972290039,100.0,100.0,10.480768203735352,33.06746845245361,84.68943786621094,96.59106941223143,100.2779312133789,0.8567891217708988,0.4074897766113281,2.145965814590454,2.9241958282396086,0.9937923343857337,,,,,,,,,,,,,,,364765,87.09433259474328,22.46887626647949,25.1835880279541,64.44314697265625,364671,87.0718883710269,22.383684730529787,25.12632179260254,64.80020141601562,829.7068299725652
luowen,luowen_rectified_images,656565-0035,False,kept,1280,720,234,1052,126,638,820,1.5671929121017456,3.630913734436035,warning,115.32003013417125,35.744788590818644,100.0,100.0,31.555702209472656,32.216047286987305,73.88145446777344,86.17740211486816,87.7440414428711,100.0,100.0,29.260520935058594,32.1048246383667,73.97306060791016,86.23030090332031,87.88095092773438,0.7622208236409282,0.3502960205078125,1.7069988250732422,2.093998319070905,0.9908014664943654,,,,,,,,,,,,,,,342510,81.78054324572128,25.103366661071778,28.598551750183105,65.76212829589844,342510,81.78054324572128,25.09452091217041,28.59405517578125,66.23323677062986,710.5038077570498
luowen,luowen_rectified_images,656565-0036,False,kept,1280,720,234,1052,126,638,328,1.299072265625,5.676703453063965,warning,114.47996832430363,35.61747632920742,100.0,100.0,11.6515531539917,14.715756893157959,67.93092346191406,78.82371826171875,79.22361755371094,100.0,100.0,14.076129913330078,14.981092309951782,69.3385009765625,79.57358818054199,80.59072875976562,4.558474300005689,0.3687443733215332,52.99397039413452,14.080407625305625,0.765067105080155,,,,,,,,,,,,,,,269890,64.44118658312958,27.4495845413208,32.685272216796875,146.52420455932617,269891,64.44142535146699,27.141560363769532,30.953468322753906,144.73040924072265,675.6474208086729
luowen,luowen_rectified_images,656565-0037,False,kept,1280,720,234,1052,126,638,419,1.2707247734069824,3.610325860977172,warning,114.41795621067286,35.3349419310689,100.0,100.0,9.664259910583496,14.909247493743896,67.78628540039062,78.66215820312499,79.36531066894531,100.0,100.0,14.050843238830566,14.910067272186279,68.01643371582031,78.16537780761719,79.02812194824219,1.0533205055538337,0.36893463134765625,4.8605263233184814,6.443402353300734,0.987779962164495,,,,,,,,,,,,,,,296611,70.82131532701712,27.485032081604004,31.789888381958008,145.86661071777343,296742,70.8525939792176,27.69440673828125,31.681523323059082,145.68759155273438,676.1910091154277
general_1221,rectified_images,camera-202512281401-0161,False,kept,1280,720,234,1052,126,638,341,5.22938346862793,23.25119400024414,high_risk,114.44014310836792,36.232739221304655,100.0,100.0,15.8049955368042,17.366230773925782,69.45822143554688,117.16171874999999,125.82813262939453,100.0,100.0,57.101741790771484,58.58902015686035,73.66825866699219,116.31190223693847,123.00624084472656,7.716591489193893,0.6224269866943359,61.96880340576172,21.134340617359413,0.521963406000126,,,,,,,,,,,,,,,418371,99.89374808985329,18.48176498413086,31.198970794677734,124.5785919189453,418371,99.89374808985329,18.61199378967285,29.398216247558594,36.95286483764649,784.6726346760988
general_1221,rectified_images,camera-202512281402-0162,False,kept,1280,720,234,1052,126,638,146,9.28626823425293,26.359710693359375,high_risk,114.59735175594687,35.507932770997286,100.0,100.0,4.471144676208496,42.822831535339354,99.31838989257812,127.57532348632813,131.97232055664062,100.0,100.0,0.4284331202507019,3.5857297539711,87.19200134277344,183.3119415283203,187.62669372558594,26.856901889079715,20.13187026977539,81.09517860412598,85.10849633251834,0.31980124075334876,,,,,,,,,,,,,,,393115,93.86341496026895,16.966376914978028,21.82554817199707,50.180907211303705,382959,91.43848372555013,11.785960483551026,24.28832244873047,92.65862548828123,1219.9510019272566
general_1221,rectified_images,camera-202512281403-0163,False,kept,1280,720,234,1052,126,638,120,5.36656379699707,116.6181068420411,high_risk,115.88558368384838,36.82039678096771,100.0,100.0,13.074844360351562,42.52058372497559,96.41934204101562,127.28384513854981,128.93948364257812,100.0,100.0,39.802940368652344,42.41492252349853,102.0473403930664,141.1049476623535,164.14706420898438,9.480750099815028,2.3317489624023438,44.67067813873291,44.895849251222494,0.6707662914383193,,,,,,,,,,,,,,,368255,87.92763409229829,17.000720977783203,22.30712890625,48.858875732421986,368255,87.92763409229829,15.337657051086426,20.827606201171875,51.438662872314495,781.5812090411782
general_1221,rectified_images,camera-202512281403-0164,False,kept,1280,720,234,1052,126,638,102,9.57177734375,275.9891036987306,high_risk,120.47901097685099,38.064264226704836,100.0,100.0,2.187354564666748,10.511993074417115,69.65620422363281,117.03887786865234,130.2385711669922,100.0,100.0,20.319408416748047,25.932444286346435,69.47386169433594,88.20943565368653,92.97746276855469,5.870916730087264,1.1063232421875,29.486568927764893,26.38008099022005,0.8560186719106446,,,,,,,,,,,,,,,414146,98.88495186430319,18.609929847717286,31.076077461242676,163.27537765502927,418526,99.93075718215158,24.558568000793457,31.18990993499756,83.49780464172363,1955.6210418231785
general_1221,rectified_images,camera-202512281404-0165,False,kept,1280,720,234,1052,126,638,161,6.65028190612793,24.60568618774414,high_risk,115.36039598286152,35.72993306443095,100.0,100.0,12.828475952148438,14.32106966972351,91.31839752197266,125.34284057617187,129.75308227539062,100.0,100.0,68.37918090820312,83.77734870910645,95.02717590332031,108.66999359130858,111.21597290039062,18.05886148945326,0.9209632873535156,81.71051025390625,35.045222723105134,-0.23174607901754188,,,,,,,,,,,,,,,413122,98.64045308679707,17.27662727355957,23.71407413482666,151.27797958374018,413123,98.64069185513448,19.920100860595703,22.760021209716797,25.122075233459473,1020.5862550064921
general_1221,rectified_images,camera-202512281406-0166,False,kept,1280,720,234,1052,126,638,347,11.398112297058105,28.522048950195312,high_risk,113.52880718186498,36.848540883511305,100.0,100.0,3.9202606678009033,14.038926887512206,79.763427734375,123.04180221557615,135.73683166503906,100.0,100.0,70.32052612304688,71.3877067565918,84.34269714355469,150.93301620483393,157.0735626220703,19.641908946595652,1.3726959228515625,96.67397880554199,38.24829996943765,-0.31514598095998614,,,,,,,,,,,,,,,407303,97.25106013141809,17.598833351135255,27.275348663330078,152.92420867919895,407303,97.25106013141809,14.327560844421386,25.714414596557617,30.331163673400876,1076.158996205777
scale_1221,rectified_images_刻度,camera-202512081522-0004,False,kept,1280,720,234,1052,126,638,432,0.5843912363052368,1.3544921875,good,114.75072801113129,36.85706481337547,100.0,100.0,59.03341293334961,60.03059272766113,70.27351379394531,86.73241996765137,88.89226531982422,100.0,100.0,58.86998748779297,59.92190990447998,70.1816177368164,87.07289161682128,89.0146255493164,0.21576792120132005,0.16872406005859375,0.5389404296875,0.016475015281173594,0.9992792700106126,,,,,,,,,,,,,,,327527,78.20307724633253,24.929530792236328,30.904516220092773,36.08449150085449,327527,78.20307724633253,24.835553665161132,30.951831817626953,36.138664932250975,722.2442119382322
scale_1221,rectified_images_刻度,camera-202512081522-0005,False,kept,1280,720,234,1052,126,638,254,0.69189453125,194.72109985351565,good,116.10138462856412,35.70024482905865,100.0,100.0,14.068536758422852,35.8118616104126,73.67958068847656,78.53805618286133,80.97331237792969,100.0,100.0,67.93390655517578,69.04080505371094,73.94071960449219,78.97809677124023,79.81068420410156,1.1559407436004259,0.21241378784179688,1.8962974548339844,2.879307380806846,0.3765599331605143,,,,,,,,,,,,,,,411566,98.26892955378973,27.565937519073486,29.40521812438965,59.905688476562496,411566,98.26892955378973,27.41109848022461,29.295373916625977,31.36148805618286,725.8766130544245
scale_1221,rectified_images_刻度,camera-202512081732-0017,False,kept,1280,720,234,1052,126,638,36,0.8993598222732544,34.467637062072754,good,115.2460970915854,35.20982712507248,100.0,100.0,46.398319244384766,47.44396629333496,82.89323425292969,118.41476898193355,126.17181396484375,100.0,100.0,42.56727600097656,44.20559577941894,82.60665893554688,117.69286918640135,123.60037994384766,1.2719768166432754,0.30718231201171875,4.590085983276367,7.0398456601467,0.9555679076488092,,,,,,,,,,,,,,,373830,89.25876757334963,18.310448303222657,25.089280128479004,38.22357635498048,373830,89.25876757334963,18.3402321434021,25.030254364013672,37.915928802490235,665.0731489062309
scale_1221,rectified_images_刻度,camera-202512081732-0018,False,kept,1280,720,234,1052,126,638,189,0.3740234375,119.10923309326188,good,115.35828001797199,36.61666205152869,100.0,100.0,11.860527038574219,66.81004791259765,92.31346893310547,118.58925437927245,122.97074890136719,100.0,100.0,64.6037826538086,67.69400901794434,92.79658508300781,118.39388999938964,121.32048034667969,0.753976375424738,0.17401123046875,2.0147705078125,3.1694109107579465,0.9421607539772251,,,,,,,,,,,,,,,413055,98.62445560819071,18.253107109069823,23.47281837463379,32.43094596862793,413055,98.62445560819071,18.283604316711425,23.351024627685547,31.991909828186035,672.7107628248632
scale_1221,rectified_images_刻度,camera-202512081733-0019,False,kept,1280,720,234,1052,126,638,37,1.7337782382965088,44.989012908935536,warning,115.6233767978847,36.11407009884715,100.0,100.0,1.2139335870742798,80.67189331054688,88.63346099853516,100.4010181427002,101.31219482421875,100.0,100.0,80.33824157714844,81.26532096862793,88.4150390625,99.18473510742187,101.73561096191406,0.514099328928117,0.28199005126953125,1.2186298370361328,0.3495568459657702,0.7491353591992296,,,,,,,,,,,,,,,418714,99.97564562958435,21.56554807662964,24.429001808166504,26.838778057098388,418815,99.99976123166259,21.83171844482422,24.48790740966797,26.64099994659424,663.6444916948676
